table-0874-236-8	[Premonition_(2007_film)|Premonition]	Director	[Mennan_Yapo|Mennan Yapo]	Entity	table-0874-236
table-0874-236-11	[Things_We_Lost_in_the_Fire|Things We Lost in the Fire]	Director	[Susanne_Bier|Susanne Bier]	Entity	table-0874-236
table-0874-236-7	[I'm_Not_There|I'm Not There]	Director	[Todd_Haynes|Todd Haynes]	Entity	table-0874-236
table-0874-236-0	[Into_the_Wild_(film)|Into the Wild]	Director	[Sean_Penn|Sean Penn]	Entity	table-0874-236
table-0874-236-2	[La_Vie_en_rose_(film)|La Môme]	Director	[Olivier_Dahan|Olivier Dahan]	Entity	table-0874-236
table-1557-406-18	[Hiram_Barber,_Jr.|Hiram Barber, Jr.]	Party	[Republican_Party_(United_States)|Republican]	Entity	table-1557-406
table-1557-406-20	[George_R._Davis|George R. Davis]	Party	[Republican_Party_(United_States)|Republican]	Entity	table-1557-406
table-1557-406-17	[Lorenzo_Brentano|Lorenzo Brentano]	Party	[Republican_Party_(United_States)|Republican]	Entity	table-1557-406
table-1557-406-30	[Elliott_W._Sproul|Elliott W. Sproul]	Party	[Republican_Party_(United_States)|Republican]	Entity	table-1557-406
table-1557-406-42	[Robert_P._Hanrahan|Robert P. Hanrahan]	Party	[Republican_Party_(United_States)|Republican]	Entity	table-1557-406
table-1635-999-2	[London_Buses_route_195|195]	Operator	[Metroline|Metroline]	Entity	table-1635-999
table-1635-999-5	[London_Buses_route_607|607]	Operator	[Metroline|Metroline]	Entity	table-1635-999
table-1635-999-0	[List_of_bus_routes_in_London|90]	Operator	[Metroline|Metroline]	Entity	table-1635-999
table-1635-999-3	[London_Buses_route_350|350]	Operator	[Abellio_(London_&_Surrey)|Abellio London]	Entity	table-1635-999
table-1635-999-13	[List_of_bus_routes_in_London|U7]	Operator	[Abellio_(London_&_Surrey)|Abellio London]	Entity	table-1635-999
table-0808-604-25	[University_of_Zurich|University of Zurich]	Country	[Switzerland|Switzerland]	Entity	table-0808-604
table-0808-604-5	[Columbia_University|Columbia University]	Country	[United_States|United States]	Entity	table-0808-604
table-0808-604-11	[King's_College_London|King's College London]	Country	[United_Kingdom|United Kingdom]	Entity	table-0808-604
table-0808-604-17	[Victoria_University_of_Wellington|Victoria University of Wellington]	Country	[New_Zealand|New Zealand]	Entity	table-0808-604
table-0808-604-0	[University_of_Freiburg|Albert Ludwigs University of Freiburg]	Country	[Germany|Germany]	Entity	table-0808-604
table-0120-632-23	[Rotterdam|Rotterdam]	Country	The Netherlands	Entity	table-0120-632
table-0120-632-6	[Lyon|Lyon]	Country	France	Entity	table-0120-632
table-0120-632-9	[Gwangju|Gwangju]	Country	South Korea	Entity	table-0120-632
table-0120-632-22	[Bangkok|Bangkok]	Country	Thailand	Entity	table-0120-632
table-0120-632-25	[Dubai|Dubai]	Country	United Arab Emirates	Entity	table-0120-632
table-0874-234-9	[Intolerance_(film)|Intolerance]	Director	[D._W._Griffith|D. W. Griffith]	Entity	table-0874-234
table-0874-234-4	[Un_Chien_Andalou|Un Chien Andalou]	Director	[Luis_Buñuel|Luis Buñuel]	Entity	table-0874-234
table-0874-234-2	[Show_Boat_(1936_film)|Show Boat]	Director	[James_Whale|James Whale]	Entity	table-0874-234
table-0874-234-1	[Citizen_Kane|Citizen Kane]	Director	[Orson_Welles|Orson Welles]	Entity	table-0874-234
table-0874-234-3	[L'Age_d'Or|L'Age d'Or]	Director	[Luis_Buñuel|Luis Buñuel]	Entity	table-0874-234
table-1359-116-14	[Stanly_County,_North_Carolina|Stanly]	Location	[Albemarle,_North_Carolina|Albemarle]	Entity	table-1359-116
table-1359-116-31	[Harnett_County,_North_Carolina|Harnett]	Location	[Spout_Springs,_North_Carolina|Spout Springs]	Entity	table-1359-116
table-1359-116-53	[Onslow_County,_North_Carolina|Onslow]	Location		Entity	table-1359-116
table-1359-116-28	[Moore_County,_North_Carolina|Moore]	Location	[Cameron,_North_Carolina|Cameron]	Entity	table-1359-116
table-1359-116-19	[Montgomery_County,_North_Carolina|Montgomery]	Location	[Troy,_North_Carolina|Troy]	Entity	table-1359-116
table-0088-440-3	[Avianca|Avianca]	Country	[Colombia|Colombia]	Entity	table-0088-440
table-0088-440-2	[LAN_Airlines|LAN Airlines]	Country	[Chile|Chile]	Entity	table-0088-440
table-0088-440-4	[Aerolíneas_Argentinas|Aerolíneas Argentinas]	Country	[Argentina|Argentina]	Entity	table-0088-440
table-0088-440-1	[Gol_Transportes_Aéreos|Gol]	Country	[Brazil|Brazil]	Entity	table-0088-440
table-0088-440-0	[TAM_Airlines|TAM]	Country	[Brazil|Brazil]	Entity	table-0088-440
table-1004-604-27	[Poulan-Pouzols|Poulan-Pouzols]	Albi	[Puycelci|Puycelci]	Entity	table-1004-604
table-1004-604-17	[Le_Travet|Le Travet]	Albi	[Le_Verdier|Le Verdier]	Entity	table-1004-604
table-1004-604-11	[Gaillac|Gaillac]	Albi	[Grazac,_Tarn|Grazac]	Entity	table-1004-604
table-1004-604-37	[Tauriac,_Tarn|Tauriac]	Albi	[Taïx|Taïx]	Entity	table-1004-604
table-1004-604-8	[Cunac|Cunac]	Albi	[Curvalle|Curvalle]	Entity	table-1004-604
table-1037-428-84	[Uplift_Universe|Uplift Universe]	Author	[David_Brin|David Brin]	Entity	table-1037-428
table-1037-428-23	[Discworld_(world)|The Discworld]	Author	[Terry_Pratchett|Terry Pratchett]	Entity	table-1037-428
table-1037-428-16	[Corona_(fictional_world)|Corona]	Author	[R._A._Salvatore|R. A. Salvatore]	Entity	table-1037-428
table-1037-428-81	[Riverworld|Riverworld]	Author	[Philip_José_Farmer|Philip Jose Farmer]	Entity	table-1037-428
table-1037-428-78	[The_Chronicles_of_Prydain|Prydain]	Author	[Lloyd_Alexander|Lloyd Alexander]	Entity	table-1037-428
table-0366-424-5	[Marian_Catholic_High_School|Marian Catholic High School]	Town	[Chicago_Heights,_Illinois|Chicago Heights]	Entity	table-0366-424
table-0366-424-8	[Notre_Dame_College_Prep|Notre Dame College Prep]	Town	[Niles,_Illinois|Niles]	Entity	table-0366-424
table-0366-424-4	[Joliet_Catholic_Academy|Joliet Catholic Academy]	Town	[Joliet,_Illinois|Joliet]	Entity	table-0366-424
table-0366-424-3	[Fenwick_High_School_(Oak_Park,_Illinois)|Fenwick High School]	Town	[Oak_Park,_Illinois|Oak Park]	Entity	table-0366-424
table-0366-424-7	[Nazareth_Academy_(La_Grange_Park,_Illinois)|Nazareth Academy]	Town	[La_Grange_Park,_Illinois|La Grange Park]	Entity	table-0366-424
table-0265-741-31	[Greenhouse_Gases_Observing_Satellite|Greenhouse_Gases_Observing_Satellite]	Nation	[Japan|Japan]	Entity	table-0265-741
table-0265-741-0	[Baikonur_Cosmodrome|Baikonur Cosmodrome]	Nation	[Soviet_Union|USSR]	Entity	table-0265-741
table-0265-741-36	[Shenzhou_9|Shenzhou 9]	Nation	[China|China]	Entity	table-0265-741
table-0265-741-29	[Banxing|Banxing]	Nation	[China|China]	Entity	table-0265-741
table-0265-741-8	[Phạm_Tuân|Phạm Tuân]	Nation	[Vietnam|Vietnam]	Entity	table-0265-741
table-0137-367-4	[Melanie_Griffith|Melanie Griffith]	Film	[Body_Double|Body Double]	Entity	table-0137-367
table-0137-367-1	[Maureen_Stapleton|Maureen Stapleton]	Film	[Reds_(film)|Reds]	Entity	table-0137-367
table-0137-367-6	[Dianne_Wiest|Dianne Wiest]	Film	[Hannah_and_Her_Sisters|Hannah and Her Sisters]	Entity	table-0137-367
table-0137-367-5	[Anjelica_Huston|Anjelica Huston]	Film	[Prizzi's_Honor|Prizzi's Honor]	Entity	table-0137-367
table-0137-367-0	[Mary_Steenburgen|Mary Steenburgen]	Film	[Melvin_and_Howard|Melvin and Howard]	Entity	table-0137-367
table-0920-402-1	[February_14_(film)|February 14]	Music Director	[Bharathwaj|Bharathwaj]	Entity	table-0920-402
table-0920-402-23	[Paiyaa|Paiyaa]	Music Director	[Yuvan_Shankar_Raja|Yuvan Shankar Raja]	Entity	table-0920-402
table-0920-402-27	[Deiva_Thirumagal|Deiva Thirumagal]	Music Director	[G._V._Prakash_Kumar|G. V. Prakash Kumar]	Entity	table-0920-402
table-0920-402-17	[Siva_Manasula_Sakthi|Siva Manasula Sakthi]	Music Director	[Yuvan_Shankar_Raja|Yuvan Shankar Raja]	Entity	table-0920-402
table-0920-402-38	[Marina_(disambiguation)|Marina]	Music Director	Girissh G	Entity	table-0920-402
table-1592-92-59	[Metal_Slug_3|Metal Slug 3]	Publisher	[D4_Enterprise|D4 Enterprise]	Entity	table-1592-92
table-1592-92-38	[Savage_Reign|Fūun Mokushiroku: Kakutou Sousei]	Publisher	[D4_Enterprise|D4 Enterprise]	Entity	table-1592-92
table-1592-92-71	[The_King_of_Fighters_'99|The King of Fighters '99: Millennium Battle]	Publisher	[D4_Enterprise|D4 Enterprise]	Entity	table-1592-92
table-1592-92-16	[Neo_Turf_Masters|Big Tournament Golf]	Publisher	[D4_Enterprise|D4 Enterprise]	Entity	table-1592-92
table-1592-92-5	[Blue's_Journey|Raguy]	Publisher	[D4_Enterprise|D4 Enterprise]	Entity	table-1592-92
table-0322-137-6	[Punta_Gorda,_Florida|Punta Gorda, FL]	Airport	[Punta_Gorda_Airport_(Florida)|Punta Gorda (PGD)]	Entity	table-0322-137
table-0322-137-4	[Dallas|Dallas]	Airport	[Dallas/Fort_Worth_International_Airport|Dallas/Fort Worth International (DFW)]	Entity	table-0322-137
table-0322-137-9	[Orlando,_Florida|Orlando, FL]	Airport	[Orlando_International_Airport|Orlando International (MCO)]	Entity	table-0322-137
table-0322-137-1	[Charlotte,_North_Carolina|Charlotte, NC]	Airport	[Charlotte_Douglas_International_Airport|Charlotte/Douglass International (CLT)]	Entity	table-0322-137
table-0322-137-7	[St._Petersburg,_Florida|St. Petersburg, FL]	Airport	[St._Pete–Clearwater_International_Airport|St. Petersburg/Clearwater (PIE)]	Entity	table-0322-137
table-0376-574-0	[SkyTrain_(Vancouver)|SkyTrain (Vancouver)]	Category	[Bombardier_Innovia_Metro|ICTS]	Entity	table-0376-574
table-0376-574-3	[Edmonton_Light_Rail_Transit|Edmonton LRT]	Category	[Light_rail|Light rail]	Entity	table-0376-574
table-0376-574-4	[Line_3_Scarborough|Scarborough RT]	Category	[Bombardier_Innovia_Metro|ICTS]	Entity	table-0376-574
table-0376-574-2	[CTrain|CTrain]	Category	[Light_rail|Light rail]	Entity	table-0376-574
table-0376-574-5	[O-Train|O-Train]	Category	[Diesel_engine|Diesel]	Entity	table-0376-574
table-0452-576-12	[IBooks_Author|iBooks Author]	Platform	[OS_X|Mac OS X]	Entity	table-0452-576
table-0452-576-24	[Sigil_(application)|Sigil]	Platform	[Microsoft_Windows|Microsoft_Windows]	Entity	table-0452-576
table-0452-576-16	[MadCap_Software|Madcap Flare]	Platform	[Microsoft_Windows|Microsoft_Windows]	Entity	table-0452-576
table-0452-576-14	[IStudio_Publisher|iStudio Publisher]	Platform	[OS_X|Mac OS X]	Entity	table-0452-576
table-0452-576-8	[ELML|eLML]	Platform	[Microsoft_Windows|Microsoft_Windows]	Entity	table-0452-576
table-0443-726-111	[Bobby_Rush|Bobby Rush]	Party	[Democratic_Party_(United_States)|D]	Entity	table-0443-726
table-0443-726-151	[Allen_Boyd|Allen Boyd]	Party	[Democratic_Party_(United_States)|D]	Entity	table-0443-726
table-0443-726-242	[John_Boozman|John Boozman]	Party	[Republican_Party_(United_States)|R]	Entity	table-0443-726
table-0443-726-308	[Kenny_Marchant|Kenny Marchant]	Party	[Republican_Party_(United_States)|R]	Entity	table-0443-726
table-0443-726-10	[Henry_Waxman|Henry Waxman]	Party	[Democratic_Party_(United_States)|D]	Entity	table-0443-726
table-0868-168-4	[Juno_(film)|Juno]	Director(s)	[Jason_Reitman|Jason Reitman]	Entity	table-0868-168
table-0868-168-10	[WALL-E|WALL-E]	Director(s)	[Andrew_Stanton|Andrew Stanton]	Entity	table-0868-168
table-0868-168-1	[There_Will_Be_Blood|There Will Be Blood]	Director(s)	[Paul_Thomas_Anderson|Paul Thomas Anderson]	Entity	table-0868-168
table-0868-168-0	[No_Country_for_Old_Men_(film)|No Country for Old Men]	Director(s)	[Coen_brothers|Joen Coen &amp; Ethan Coen]	Entity	table-0868-168
table-0868-168-2	[Sweeney_Todd:_The_Demon_Barber_of_Fleet_Street_(2007_film)|Sweeney Todd: The Demon Barber of Fleet Street]	Director(s)	[Tim_Burton|Tim Burton]	Entity	table-0868-168
table-0301-239-9	[FIM-92_Stinger|FIM-92 Stinger]	Type	Man-Portable Air Defense System	Entity	table-0301-239
table-0301-239-5	[Chiron_(missile)|Shingung (KP-SAM)]	Type	Man-Portable Air Defense System	Entity	table-0301-239
table-0301-239-6	[Mistral_(missile)|Mistral]	Type	Man-Portable Air Defense System	Entity	table-0301-239
table-0301-239-10	[Oerlikon_GDF|Oerlikon 35mm]	Type	35mm Towed Anti-Aircraft Gun	Entity	table-0301-239
table-0301-239-2	[K30_Biho|K30 Biho]	Type	30mm Self-Propelled Anti-Aircraft Gun	Entity	table-0301-239
table-0079-242-12	[1973_Daytona_500|1973]	Network	[Wide_World_of_Sports_(U.S._TV_series)|ABC's WWOS]	Entity	table-0079-242
table-0079-242-9	[1970_Daytona_500|1970]	Network	[Wide_World_of_Sports_(U.S._TV_series)|ABC's WWOS]	Entity	table-0079-242
table-0079-242-4	[1965_Daytona_500|1965]	Network	[Wide_World_of_Sports_(U.S._TV_series)|ABC's WWOS]	Entity	table-0079-242
table-0079-242-2	[1963_Daytona_500|1963]	Network	[Wide_World_of_Sports_(U.S._TV_series)|ABC's WWOS]	Entity	table-0079-242
table-0079-242-13	[1974_Daytona_500|1974]	Network	[Wide_World_of_Sports_(U.S._TV_series)|ABC's WWOS]	Entity	table-0079-242
table-0855-541-14	[Bobby_Au-yeung|Bobby Au-yeung]	Drama	[House_of_Harmony_and_Vengeance|House of Harmony and Vengeance]	Entity	table-0855-541
table-0855-541-7	[Kevin_Cheng|Kevin Cheng]	Drama	[Ghetto_Justice|Ghetto Justice]	Entity	table-0855-541
table-0855-541-5	[Wayne_Lai|Wayne Lai]	Drama	[No_Regrets_(TV_series)|No Regrets]	Entity	table-0855-541
table-0855-541-13	[Kenneth_Ma|Kenneth Ma]	Drama	[The_Hippocratic_Crush|The Hippocratic Crush]	Entity	table-0855-541
table-0855-541-1	[Raymond_Lam|Raymond Lam]	Drama	[The_Mysteries_of_Love|The Mysteries of Love]	Entity	table-0855-541
table-1351-812-1	[William_Kelly_(senator)|William Kelly]	Party	[Democratic-Republican_Party|Democratic- Republican]	Entity	table-1351-812
table-1351-812-51	[Maryon_Pittman_Allen|Maryon Pittman Allen]	Party	[Democratic_Party_(United_States)|Democratic]	Entity	table-1351-812
table-1351-812-22	[George_E._Spencer|George E. Spencer]	Party	[Republican_Party_(United_States)|Republican]	Entity	table-1351-812
table-1351-812-42	[Dixie_Bibb_Graves|Dixie Bibb Graves]	Party	[Democratic_Party_(United_States)|Democratic]	Entity	table-1351-812
table-1351-812-33	[Joseph_F._Johnston|Joseph F. Johnston]	Party	[Democratic_Party_(United_States)|Democratic]	Entity	table-1351-812
table-1547-236-19	[1994_Swiss_Indoors|1994]	Champion	[Wayne_Ferreira|Wayne Ferreira]	Entity	table-1547-236
table-1547-236-1	[2012_Swiss_Indoors|2012]	Champion	[Juan_Martín_del_Potro|Juan Martín del Potro]	Entity	table-1547-236
table-1547-236-3	[2010_Swiss_Indoors|2010]	Champion	[Roger_Federer|Roger Federer]	Entity	table-1547-236
table-1547-236-8	[2005_Davidoff_Swiss_Indoors|2005]	Champion	[Fernando_González|Fernando González]	Entity	table-1547-236
table-1547-236-7	[2006_Davidoff_Swiss_Indoors|2006]	Champion	[Roger_Federer|Roger Federer]	Entity	table-1547-236
table-0962-374-0	[Daren_Ganga|Daren Ganga]	Birth date	14 January 1979 (age35)	Entity	table-0962-374
table-0962-374-9	[Kevon_Cooper|Kevon Cooper]	Birth date	2 February 1989 (age24)	Entity	table-0962-374
table-0962-374-5	[Justin_Guillen|Justin Guillen]	Birth date	2 January 1986 (age28)	Entity	table-0962-374
table-0962-374-4	[Lendl_Simmons|Lendl Simmons]	Birth date	25 January 1985 (age29)	Entity	table-0962-374
table-0962-374-10	[Dwayne_Bravo|Dwayne Bravo]	Birth date	7 October 1983 (age30)	Entity	table-0962-374
table-0550-442-38	[A_Cock_and_Bull_Story|Tristram Shandy: A Cock and Bull Story]	Year	2006	Entity	table-0550-442
table-0550-442-37	[Tony_Takitani|Tony Takitani]	Year	2005	Entity	table-0550-442
table-0550-442-43	[A_Scanner_Darkly_(film)|A Scanner Darkly]	Year	2006	Entity	table-0550-442
table-0550-442-6	[The_Virgin_Suicides_(film)|The Virgin Suicides]	Year	2000	Entity	table-0550-442
table-0550-442-3	[Titus_(film)|Titus]	Year	2000	Entity	table-0550-442
table-0872-377-0	[Bit.Trip_Beat|Bit.Trip Beat]	Release	March 16, 2009	Entity	table-0872-377
table-0872-377-5	[Bit.Trip_Flux|Bit.Trip Flux]	Release	February 25, 2011	Entity	table-0872-377
table-0872-377-1	[Bit.Trip_Core|Bit.Trip Core]	Release	July 6, 2009	Entity	table-0872-377
table-0872-377-3	[Bit.Trip_Runner|Bit.Trip Runner]	Release	May 14, 2010	Entity	table-0872-377
table-0872-377-2	[Bit.Trip_Void|Bit.Trip Void]	Release	October 27, 2009	Entity	table-0872-377
table-1211-842-0	[St._Joseph_the_Betrothed_Ukrainian_Greek_Catholic_Church|St. Joseph the Betrothed Church]	Dates	built 1977	Time	table-1211-842
table-1211-842-5	[Basilica_of_St._Hyacinth|Basilica of St. Hyacinth]	Dates	1921 built	Time	table-1211-842
table-1211-842-10	[St._Hedwig's_Church_(Chicago)|St. Hedwig's in Chicago]	Dates	1901 built	Time	table-1211-842
table-1211-842-12	[St._Stanislaus_Kostka_Church_(Chicago)|St. Stanislaus Kostka Church (Chicago, Illinois)]	Dates	1881 built	Time	table-1211-842
table-1211-842-15	[St._James_Catholic_Church_and_Cemetery_(Lemont,_Illinois)|St. James Catholic Church]	Dates	built 1853 1984 NRHP-listed	Time	table-1211-842
table-0091-59-1	[Shahid_Afridi|Shahid Afridi]	Date of Birth	1 March 1980	Time	table-0091-59
table-0091-59-10	[Saleem_Malik|Saleem Malik]	Date of Birth	16 April 1963	Time	table-0091-59
table-0091-59-5	[Saleem_Elahi|Saleem Elahi]	Date of Birth	21 November 1976	Time	table-0091-59
table-0091-59-7	[Arshad_Khan|Arshad Khan]	Date of Birth	22 March 1971	Time	table-0091-59
table-0091-59-8	[Moin_Khan|Moin Khan]	Date of Birth	23 September 1971	Time	table-0091-59
table-1385-350-5	[Bragg_Creek_Provincial_Park|Bragg Creek Provincial Park]	Established	1960, January 19	Time	table-1385-350
table-1385-350-57	[Spray_Valley_Provincial_Park|Spray Valley Provincial Park]	Established	2000, December 1	Time	table-1385-350
table-1385-350-13	[Cross_Lake_Provincial_Park|Cross Lake Provincial Park]	Established	1955, November 22	Time	table-1385-350
table-1385-350-54	[Saskatoon_Island_Provincial_Park|Saskatoon Island Provincial Park]	Established	1932, November 21	Time	table-1385-350
table-1385-350-28	[Jarvis_Bay_Provincial_Park|Jarvis Bay Provincial Park]	Established	1965, July 8	Time	table-1385-350
table-1033-735-2	[Dr._Quinn,_Medicine_Woman|Dr. Quinn, Medicine Woman]	Year	1995	Time	table-1033-735
table-1033-735-10	[Dawson's_Creek|Dawson's Creek]	Year	1998	Time	table-1033-735
table-1033-735-3	[Boy_Meets_World|Boy Meets World]	Year	1996	Time	table-1033-735
table-1033-735-7	[Townies|Townies]	Year	1996	Time	table-1033-735
table-1033-735-21	[Breakout_Kings|Breakout Kings]	Year	2012	Time	table-1033-735
table-0278-605-9	[George_Harman|George Harman]	Birth date	6 June 1874	Time	table-0278-605
table-0278-605-5	[John_Wheatley_(cricketer)|John Wheatley]	Birth date	8 January 1860	Time	table-0278-605
table-0278-605-12	[Neil_McCorkell|Neil McCorkell]	Birth date	23 March 1912	Time	table-0278-605
table-0278-605-11	[Alan_Finlayson_(cricketer)|Alan Finlayson]	Birth date	1 September 1900	Time	table-0278-605
table-0278-605-10	[Fred_Gibson_(cricketer)|Fred Gibson]	Birth date	13 February 1912	Time	table-0278-605
table-0755-531-9	[Ryan_Hinds|Ryan Hinds]	Birth date	17 February 1981 (age32)	Time	table-0755-531
table-0755-531-0	[Martin_Nurse|Martin Nurse]	Birth date	11 June 1985 (age28)	Time	table-0755-531
table-0755-531-10	[Dwayne_Smith|Dwayne Smith]	Birth date	12 April 1983 (age30)	Time	table-0755-531
table-0755-531-19	[Sulieman_Benn|Sulieman Benn]	Birth date	22 July 1981 (age32)	Time	table-0755-531
table-0755-531-3	[Kirk_Edwards|Kirk Edwards]	Birth date	3 November 1984 (age29)	Time	table-0755-531
table-0855-495-16	[F/X2|F/X2]	Release Date	May 10, 1991	Time	table-0855-495
table-0855-495-53	[One_Man's_Hero|One Man's Hero]	Release Date	September 24, 1999	Time	table-0855-495
table-0855-495-18	[Mystery_Date|Mystery Date]	Release Date	August 16, 1991	Time	table-0855-495
table-0855-495-34	[Blue_Sky_(film)|Blue Sky]	Release Date	September 16, 1994	Time	table-0855-495
table-0855-495-24	[Married_to_It|Married to It]	Release Date	March 26, 1993	Time	table-0855-495
table-0371-683-39	[Citizen_Kane|Citizen Kane]	U.S./Canada Release Date	September 25	Time	table-0371-683
table-0371-683-11	[The_Hunchback_of_Notre_Dame_(1996_film)|The Hunchback of Notre Dame]	U.S./Canada Release Date	March 4	Time	table-0371-683
table-0371-683-18	[Charlie's_Angels_(film)|Charlie's Angels]	U.S./Canada Release Date	March 27	Time	table-0371-683
table-0371-683-31	[The_Magic_School_Bus|Magic School Bus: Makes a Rainbow]	U.S./Canada Release Date	July 3	Time	table-0371-683
table-0371-683-38	[List_of_VeggieTales_episodes|The Ultimate Silly Song Collection]	U.S./Canada Release Date	September 16	Time	table-0371-683
table-1247-960-414	[Lethal_Enforcers_II:_Gun_Fighters|Lethal Enforcers II: Gunfighters]	Release date	1994/05/11	Time	table-1247-960
table-1247-960-420	[Lord_Monarch|Lord Monarch]	Release date	1994/06/24	Time	table-1247-960
table-1247-960-656	[Shadow_of_the_Beast|Shadow of the Beast]	Release date	1991	Time	table-1247-960
table-1247-960-747	[Super_Street_Fighter_II|Super Street Fighter II]	Release date	1994	Time	table-1247-960
table-1247-960-84	[Bio-Hazard_Battle|Bio-Hazard Battle]	Release date	1992/03/12	Time	table-1247-960
table-0147-453-8	[47_Ursae_Majoris|47 UMa]	Arrival date	2047-07 July 2047	Time	table-0147-453
table-0147-453-17	[47_Ursae_Majoris|47 UMa]	Arrival date	2049-05 May 2049	Time	table-0147-453
table-0147-453-6	[Gliese_777|Gl 777]	Arrival date	2051-04 April 2051	Time	table-0147-453
table-0147-453-19	[Gliese_581|Gliese 581]	Arrival date	2029 2029	Time	table-0147-453
table-0147-453-9	[37_Geminorum|37 Gem]	Arrival date	2057-12 December 2057	Time	table-0147-453
table-0504-762-5	[Phi_Beta_Sigma|Phi Beta Sigma]	Year Founded	1914	Time	table-0504-762
table-0504-762-6	[Zeta_Phi_Beta|Zeta Phi Beta]	Year Founded	1920	Time	table-0504-762
table-0504-762-7	[Sigma_Gamma_Rho|Sigma Gamma Rho]	Year Founded	1922	Time	table-0504-762
table-0504-762-2	[Kappa_Alpha_Psi|Kappa Alpha Psi]	Year Founded	1911	Time	table-0504-762
table-0504-762-4	[Delta_Sigma_Theta|Delta Sigma Theta]	Year Founded	1913	Time	table-0504-762
table-0012-523-4	[Spruance-class_destroyer|Spruance]	Last ship commissioned	1980	Time	table-0012-523
table-0012-523-0	[Mitscher-class_destroyer|Mitscher]	Last ship commissioned	1954	Time	table-0012-523
table-0012-523-5	[Kidd-class_destroyer|Kidd]	Last ship commissioned	1982	Time	table-0012-523
table-0012-523-2	[Farragut-class_destroyer_(1958)|Farragut]	Last ship commissioned	1961	Time	table-0012-523
table-0005-645-19	[Ohiopyle_Low_Bridge|Ohiopyle Low Bridge]	Carries	[Youghiogheny_River_Trail|Youghiogheny River Trail]	Time	table-0005-645
table-0005-645-7	[Smithton_High-Level_Bridge|Smithton High-Level Bridge]	Carries	[Interstate_70|I-70]	Time	table-0005-645
table-0005-645-1	[Jerome_Street_Bridge|Jerome Street Bridge]	Carries	[Allegheny_County_belt_system|Yellow Belt]	Time	table-0005-645
table-0005-645-18	[Ohiopyle_High_Bridge|Ohiopyle High Bridge]	Carries	[Youghiogheny_River_Trail|Youghiogheny River Trail]	Time	table-0005-645
table-0005-645-8	[Smithton_Low-Level_Bridge|Smithton Low-Level Bridge]	Carries	[Pennsylvania_Route_981|PA 981]	Time	table-0005-645
table-0194-244-4	[London_Buses_route_245|245]	Start	[Golders_Green|Golders Green]	Time	table-0194-244
table-0194-244-3	[List_of_bus_routes_in_London|223]	Start	[Wembley|Wembley]	Time	table-0194-244
table-0194-244-5	[London_Buses_route_297|297]	Start	[Willesden|Willesden]	Time	table-0194-244
table-0194-244-1	[London_Buses_route_182|182]	Start	[Brent_Cross|Brent Cross]	Time	table-0194-244
table-0194-244-0	[London_Buses_route_83|83]	Start	[Golders_Green|Golders Green]	Time	table-0194-244
table-1597-849-3	[University_of_Sydney|University of Sydney]	Duration	4 years	Time	table-1597-849
table-1597-849-0	[University_of_Melbourne|University of Melbourne]	Duration	4 years	Time	table-1597-849
table-1597-849-9	[University_of_New_England_(Australia)|University of New England]	Duration	5 years	Time	table-1597-849
table-1597-849-7	[University_of_New_South_Wales|University of New South Wales]	Duration	6 years	Time	table-1597-849
table-1597-849-5	[University_of_Queensland|University of Queensland]	Duration	4 years	Time	table-1597-849
table-0514-664-10	[26th_Parliament_of_Ontario|26th]	Years	1959-1963	Time	table-0514-664
table-0514-664-13	[29th_Parliament_of_Ontario|29th]	Years	1971-1975	Time	table-0514-664
table-0514-664-16	[32nd_Parliament_of_Ontario|32nd]	Years	1981-1985	Time	table-0514-664
table-0514-664-3	[19th_Parliament_of_Ontario|19th]	Years	1934–1937	Time	table-0514-664
table-0514-664-4	[20th_Parliament_of_Ontario|20th]	Years	1937–1943	Time	table-0514-664
table-1426-354-3	[Prince_Filiberto,_Duke_of_Genoa|Prince Filiberto]	Marriages	Princess Lydia of Arenberg 30 April 1928 Turin without issue	Time	table-1426-354
table-1426-354-0	[Prince_Ferdinando,_Duke_of_Genoa_(1822–1855)|Prince Ferdinando]	Marriages	[Princess_Elisabeth_of_Saxony|Princess Elisabeth of Saxony]	Time	table-1426-354
table-1426-354-4	[Prince_Eugenio,_Duke_of_Genoa|Prince Eugenio]	Marriages	[Princess_Lucia_of_Bourbon-Two_Sicilies|Princess Lucia of Bourbon-Two Sicilies]	Time	table-1426-354
table-1426-354-1	[Prince_Thomas,_Duke_of_Genoa|Prince Tommaso]	Marriages	[Princess_Isabella_of_Bavaria|Princess Isabella of Bavaria]	Time	table-1426-354
table-1383-401-22	[James_V._McClintic|James V. McClintic]	Years	1915–1935	Time	table-1383-401
table-1383-401-6	[Elmer_L._Fulton|Elmer L. Fulton]	Years	1907–1909	Time	table-1383-401
table-1383-401-103	[J._C._Watts|J. C. Watts]	Years	1995–2003	Time	table-1383-401
table-1383-401-91	[Wes_Watkins|Wes Watkins]	Years	1977–1991	Time	table-1383-401
table-1383-401-53	[Joshua_B._Lee|Joshua B. Lee]	Years	1935–1937	Time	table-1383-401
table-0390-922-74	[Ross_Case|Ross Case]	Birth	1951	Time	table-0390-922
table-0390-922-111	[Phil_Dent|Phil Dent]	Birth	1950	Time	table-0390-922
table-0390-922-201	[Jan_Gunnarsson|Jan Gunnarsson]	Birth	1962	Time	table-0390-922
table-0390-922-292	[Félix_Mantilla_Botella|Félix Mantilla]	Birth	1974	Time	table-0390-922
table-0390-922-142	[Kelly_Evernden|Kelly Evernden]	Birth	1961	Time	table-0390-922
table-1426-354-2	[Prince_Ferdinando,_Duke_of_Genoa|Prince Ferdinando]	Death	[Bordighera|Bordighera]	Time	table-1426-354
table-1385-350-53	[Rock_Lake_Provincial_Park|Rock Lake Provincial Park]	Established		Time	table-1385-350
table-1385-350-18	[Dry_Island_Buffalo_Jump_Provincial_Park|Dry Island Buffalo Jump Provincial Park]	Established	1970, December 15	Time	table-1385-350
table-1385-350-15	[Cypress_Hills_Interprovincial_Park|Cypress Hills Interprovincial Park]	Established		Time	table-1385-350
table-1385-350-42	[O'Brien_Provincial_Park|O'Brien Provincial Park]	Established	1954, June 29	Time	table-1385-350
table-1385-350-4	[Bow_Valley_Provincial_Park|Bow Valley Provincial Park]	Established	1959, July 27	Time	table-1385-350
table-1048-131-3	[McMaster_Faculty_of_Humanities|Faculty of Humanities]	Established	1887	Time	table-1048-131
table-1048-131-1	[McMaster_Faculty_of_Engineering|Faculty of Engineering]	Established	1958	Time	table-1048-131
table-1048-131-2	[McMaster_Faculty_of_Health_Sciences|Faculty of Health Sciences]	Established	1974	Time	table-1048-131
table-1048-131-0	[DeGroote_School_of_Business|DeGroote School of Business]	Established	1952	Time	table-1048-131
table-1048-131-5	[McMaster_Faculty_of_Social_Sciences|Faculty of Social Sciences]	Established	1887	Time	table-1048-131
table-0450-423-6	[July|July]	Days	[Day|day]	Time	table-0450-423
table-0450-423-9	[October|October]	Days	[Day|day]	Time	table-0450-423
table-0450-423-7	[August|August]	Days	[Day|day]	Time	table-0450-423
table-0450-423-11	[December|December]	Days	[Day|day]	Time	table-0450-423
table-0450-423-10	[November|November]	Days	[Day|day]	Time	table-0450-423
table-1108-811-22	[United_States_Army|United States Army]	Quantity	20	Time	table-1108-811
table-1108-811-8	[Columbia_and_Cowlitz_Railway|Columbia and Cowlitz Railway]	Quantity	1	Time	table-1108-811
table-1108-811-23	[U.S._Steel|U.S. Steel]	Quantity	8	Time	table-1108-811
table-1108-811-14	[New_York_Central_Railroad|New York Central Railroad]	Quantity	27	Time	table-1108-811
table-1108-811-3	[Baltimore_and_Ohio_Railroad|Baltimore and Ohio Railroad]	Quantity	17	Time	table-1108-811
table-0090-563-10	[York_Park|York Park]	Capacity	19,891	Time	table-0090-563
table-0090-563-1	[Sydney_Football_Stadium|Aussie Stadium]	Capacity	41,159	Time	table-0090-563
table-0090-563-7	[Subiaco_Oval|Subiaco Oval]	Capacity	42,922	Time	table-0090-563
table-0090-563-9	[Adelaide_Oval|Adelaide Oval]	Capacity	33,597	Time	table-0090-563
table-0090-563-2	[Central_Coast_Stadium|Central Coast Stadium]	Capacity	20,119	Time	table-0090-563
table-0034-464-9	[HinterReggio_Calcio|HinterReggio]	Capacity	27,543	Time	table-0034-464
table-0034-464-10	[L'Aquila_Calcio_1927|L'Aquila]	Capacity	10,000	Time	table-0034-464
table-0034-464-11	[A.S._Martina_Franca_1947|Martina Franca]	Capacity	5,000	Time	table-0034-464
table-0034-464-14	[U.S._Città_di_Pontedera|Pontedera]	Capacity	5,000	Time	table-0034-464
table-0034-464-5	[S.S._Chieti_Calcio|Chieti]	Capacity	12,750	Time	table-0034-464
table-0304-857-8	[FBC_Melgar|Melgar]	Capacity	20,000	Time	table-0304-857
table-0304-857-3	[Aurich–Cañaña|Aurich–Cañaña]	Capacity	24,500	Time	table-0304-857
table-0304-857-2	[Atlético_Torino|Atlético Torino]	Capacity	8,000	Time	table-0304-857
table-0304-857-10	[Deportivo_Wanka|Sipesa]	Capacity	25,000	Time	table-0304-857
table-0304-857-13	[Unión_Huaral|Unión Huaral]	Capacity	10,000	Time	table-0304-857
table-0570-812-10	[Estadio_Neza_86|Neza 86]	Capacity	28,500	Time	table-0570-812
table-0570-812-4	[Estadio_Sergio_León_Chávez|Sergio León Chavez]	Capacity	33,000	Time	table-0570-812
table-0570-812-12	[Estadio_Banorte|Banorte]	Capacity	21,000	Time	table-0570-812
table-0570-812-2	[Estadio_Francisco_Zarco|Francisco Zarco]	Capacity	18,000	Time	table-0570-812
table-0570-812-0	[Estadio_Cuauhtémoc|Cuauhtémoc]	Capacity	46,912	Time	table-0570-812
table-1603-378-7	[Labatt_Park|Labatt Park]	Capacity	5,200	Numerical	table-1603-378
table-1603-378-23	[Kinsmen_Stadium|Kinsmen Stadium]	Capacity	500	Numerical	table-1603-378
table-1603-378-22	[Kitchener_Memorial_Auditorium_Complex|Jack Couch Stadium]	Capacity	1,400	Numerical	table-1603-378
table-1603-378-20	[Arnold_Anderson_Stadium_at_Cockshutt_Park|Arnold Anderson Stadium at Cockshutt Park]	Capacity	2,000	Numerical	table-1603-378
table-1603-378-19	[Community_Park|Community Park]	Capacity	2,500	Numerical	table-1603-378
table-1525-919-1	[DYBN|Killer Bee Cebu]	Frequency	92.3 FM	Numerical	table-1525-919
table-1525-919-4	[DYRK|96.3 WRock Cebu]	Frequency	96.3 FM	Numerical	table-1525-919
table-1525-919-7	[DYIO|Y101 Cebu]	Frequency	101.1 FM	Numerical	table-1525-919
table-1525-919-0	[DYKI_(Cebu)|Smooth FM 89.9]	Frequency	89.9 FM	Numerical	table-1525-919
table-1525-919-3	[DYKT|Energy FM Cebu]	Frequency	94.7 FM	Numerical	table-1525-919
table-0245-976-158	[Air_1|Air_1]	Frequency	91.1 FM	Numerical	table-0245-976
table-0245-976-119	[KKMA|KKMA]	Frequency	99.5 FM	Numerical	table-0245-976
table-0245-976-64	[KKGB|KKGB]	Frequency	101.3 FM	Numerical	table-0245-976
table-0245-976-15	[KKBO|KKBO]	Frequency	105.9 FM	Numerical	table-0245-976
table-0245-976-131	[KKNG-FM|KKNG-FM]	Frequency	97.3 FM	Numerical	table-0245-976
table-1058-109-0	[Bonnyville|Bonnyville]	Frequency	98.7 FM	Numerical	table-1058-109
table-1058-109-10	[Red_Deer,_Alberta|Red Deer]	Frequency	103.5	Numerical	table-1058-109
table-1058-109-6	[Hinton,_Alberta|Hinton]	Frequency	100.7 FM	Numerical	table-1058-109
table-1058-109-2	[Edmonton|Edmonton]	Frequency	101.1 FM	Numerical	table-1058-109
table-1058-109-8	[Medicine_Hat|Medicine Hat]	Frequency	100.5 FM	Numerical	table-1058-109
table-0468-553-110	[Barbacs|Barbacs]	Population	769	Numerical	table-0468-553
table-0468-553-142	[Békés|Békés]	Population	21,544	Numerical	table-0468-553
table-0468-553-136	[Becsvölgye|Becsvölgye]	Population	866	Numerical	table-0468-553
table-0468-553-109	[Baranyaszentgyörgy|Baranyaszentgyörgy]	Population	194	Numerical	table-0468-553
table-0468-553-140	[Békás|Békás]	Population	221	Numerical	table-0468-553
table-0866-915-2	[Hertzogville|Hertzogville]	Population	438	Numerical	table-0866-915
table-0866-915-5	[Dealesville|Dealesville]	Population	3,270	Numerical	table-0866-915
table-0866-915-4	[Boshof|Boshof]	Population	4,465	Numerical	table-0866-915
table-0866-915-3	[Hertzogville|Hertzogville]	Population	6,409	Numerical	table-0866-915
table-0866-915-0	[Boshof|Boshof]	Population	3,843	Numerical	table-0866-915
table-0531-600-7	[Marçais|Marçais]	Inhabitants	324	Numerical	table-0531-600
table-0531-600-10	[Orcenais|Orcenais]	Inhabitants	288	Numerical	table-0531-600
table-0531-600-0	[Bouzais|Bouzais]	Inhabitants	254	Numerical	table-0531-600
table-0531-600-4	[Drevant|Drevant]	Inhabitants	610	Numerical	table-0531-600
table-0531-600-1	[Bruère-Allichamps|Bruère-Allichamps]	Inhabitants	573	Numerical	table-0531-600
table-1500-419-90	[Plaça_d'Espanya,_Barcelona|Plaça d'Espanya]	Area	34,000 m²	Numerical	table-1500-419
table-1500-419-95	[Franklin_Square_(Philadelphia)|Franklin Square]	Area	31700 m²	Numerical	table-1500-419
table-1500-419-17	[Piața_Unirii|Unirii Square]	Area	97,000 m²	Numerical	table-1500-419
table-1500-419-162	[Piazza_Saffi|Piazza Saffi]	Area	11,136 m²	Numerical	table-1500-419
table-1500-419-54	[Zócalo|Zócalo]	Area	57,600 m²	Numerical	table-1500-419
table-0678-839-0	[Albay|Albay]	Area	2,552.60	Numerical	table-0678-839
table-0678-839-4	[Masbate|Masbate]	Area	4,047.07	Numerical	table-0678-839
table-0678-839-1	[Camarines_Norte|Camarines Norte]	Area	2,320.07	Numerical	table-0678-839
table-0678-839-3	[Catanduanes|Catanduanes]	Area	1,511.50	Numerical	table-0678-839
table-0678-839-2	[Camarines_Sur|Camarines Sur]	Area	5,481.60	Numerical	table-0678-839
table-1073-977-2	[Arthur_Kill_Vertical_Lift_Bridge|Arthur Kill Vertical Lift Bridge]	Length	170.08 m	Numerical	table-1073-977
table-1073-977-1	[Goethals_Bridge|Goethals Bridge]	Length	2164.08 m	Numerical	table-1073-977
table-1073-977-4	[Kill_Van_Kull|Kill Van Kull]	Length	[Kill_Van_Kull|Kill Van Kull]	Numerical	table-1073-977
table-1073-977-5	[Bayonne_Bridge|Bayonne Bridge]	Length	1761.74 m	Numerical	table-1073-977
table-1073-977-3	[Outerbridge_Crossing|Outerbridge Crossing]	Length	3093 m	Numerical	table-1073-977
table-0198-809-11	[Curtis_Redden|Curtis Redden]	Height	5' 11"	Numerical	table-0198-809
table-0198-809-6	[Paul_Jones_(judge)|Paul J. Jones]	Height	6' 0"	Numerical	table-0198-809
table-0198-809-7	[James_E._Lawrence|James E. Lawrence]	Height	6' 1/2"	Numerical	table-0198-809
table-0198-809-13	[Boss_Weeks|Harrison "Boss" Weeks]	Height	5' 7"	Numerical	table-0198-809
table-0198-809-12	[Everett_Sweeley|Everett Sweeley]	Height	5' 10"	Numerical	table-0198-809
table-1607-808-7	[Interstate_40_in_North_Carolina|NC]	Kilometre	681.64	Numerical	table-1607-808
table-1607-808-2	[Interstate_40_in_New_Mexico|NM]	Kilometre	601.11	Numerical	table-1607-808
table-1607-808-0	[Interstate_40_in_California|CA]	Kilometre	248.82	Numerical	table-1607-808
table-1607-808-3	[Interstate_40_in_Texas|TX]	Kilometre	285.11	Numerical	table-1607-808
table-1607-808-6	[Interstate_40_in_Tennessee|TN]	Kilometre	732.70	Numerical	table-1607-808
table-0519-180-0	[Aargau|Aargau]	Height	1.80	Numerical	table-0519-180
table-0519-180-6	[Graubünden|Graubünden]	Height	1.73	Numerical	table-0519-180
table-0519-180-15	[Canton_of_Zürich|Zürich]	Height	1.72	Numerical	table-0519-180
table-0519-180-4	[Fribourg|Fribourg]	Height	1.83	Numerical	table-0519-180
table-0519-180-9	[Canton_of_Solothurn|Solothurn]	Height	1.76	Numerical	table-0519-180
table-1057-467-11	[Hinton,_Alberta|Hinton]	Frequency	88.1	Numerical	table-1057-467
table-1057-467-9	[Grande_Prairie|Grande Prairie]	Frequency	102.5	Numerical	table-1057-467
table-1057-467-16	[Rainbow_Lake,_Alberta|Rainbow Lake]	Frequency	1240 AM*	Numerical	table-1057-467
table-1057-467-4	[Fort_McMurray|Fort McMurray]	Frequency	99.3	Numerical	table-1057-467
table-1057-467-5	[Fort_Vermilion|Fort Vermilion]	Frequency	1460 AM*	Numerical	table-1057-467
table-0200-394-6	[Porto_Metro|Metro do Porto]	Number of vehicles	30	Numerical	table-0200-394
table-0200-394-5	[Metro_Transit_(Minnesota)|Metro Transit]	Number of vehicles	27	Numerical	table-0200-394
table-0200-394-1	[Cologne_Stadtbahn|KVB]	Number of vehicles	69	Numerical	table-0200-394
table-0200-394-2	[Transport_for_London|TfL]	Number of vehicles	24	Numerical	table-0200-394
table-0200-394-0	[Cologne_Stadtbahn|KVB]	Number of vehicles	124	Numerical	table-0200-394
table-1052-399-0	[Moldovans|Moldovans]	Population	70,680	Numerical	table-1052-399
table-1052-399-2	[Russians|Russians]	Population	947	Numerical	table-1052-399
table-1052-399-4	[Gagauz_people|Gagauz_people]	Population	54	Numerical	table-1052-399
table-1052-399-3	[Romani_people|Gypsies]	Population	378	Numerical	table-1052-399
table-1052-399-1	[Ukrainians|Ukrainians]	Population	2,799	Numerical	table-1052-399
table-0378-790-7	[Wanderers_Oval|Wanderers Oval]	Capacity	2,000	Numerical	table-0378-790
table-0378-790-13	[Hindmarsh_Stadium|Hindmarsh Stadium]	Capacity	16,500	Numerical	table-0378-790
table-0378-790-14	[McKellar_Park_(Canberra)|McKellar Park]	Capacity	2,000	Numerical	table-0378-790
table-0378-790-6	[Ballymore_Stadium|Ballymore Stadium]	Capacity	24,000	Numerical	table-0378-790
table-0378-790-1	[Melbourne_Rectangular_Stadium|AAMI Park]	Capacity	31,000	Numerical	table-0378-790
table-0298-73-50	[The_Lord_of_the_Rings:_The_Return_of_the_King|The Lord of the Rings: The Return of the King]	Budget	$94 million	Numerical	table-0298-73
table-0298-73-110	[Ghosts_of_Girlfriends_Past|Ghosts of Girlfriends Past]	Budget		Numerical	table-0298-73
table-0298-73-70	[The_New_World_(2005_film)|The New World]	Budget	$30 million	Numerical	table-0298-73
table-0298-73-61	[Son_of_the_Mask|Son of the Mask]	Budget	$57,552,641	Numerical	table-0298-73
table-0298-73-91	[Rendition_(film)|Rendition]	Budget		Numerical	table-0298-73
table-1431-19-0	[Saw_(disambiguation)|Saw]	Budget	$1,200,000–1,400,000	Numerical	table-1431-19
table-1431-19-2	[Saw_III|Saw III]	Budget	$11,200,000	Numerical	table-1431-19
table-1431-19-4	[Saw_V|Saw V]	Budget	$11,300,000	Numerical	table-1431-19
table-1431-19-3	[Saw_IV|Saw IV]	Budget	$10,800,000	Numerical	table-1431-19
table-1431-19-1	[Saw_II|Saw II]	Budget	$4,600,000	Numerical	table-1431-19
table-0871-527-7	[TAROM|TAROM]	Airline_codes	ROT	Numerical	table-0871-527
table-0871-527-3	[Blue_Air|Blue Air]	Airline_codes	JOR	Numerical	table-0871-527
table-0871-527-9	[Țiriac_Air|Ţiriac Air]	Airline_codes	TIH	Numerical	table-0871-527
table-0871-527-0	[Air_Bucharest|Air Bucharest]	Airline_codes	BUR	Numerical	table-0871-527
table-0871-527-5	[Eurojet_Romania|Eurojet Romania]	Airline_codes	RDP	Numerical	table-0871-527
table-1093-977-17	[Rachel_Notley|Rachel Notley]	Gender	female	Numerical	table-1093-977
table-1093-977-6	[Ray_Martin_(politician)|Ray Martin]	Gender	male	Numerical	table-1093-977
table-1093-977-0	[Deron_Bilous|Deron Bilous]	Gender	male	Numerical	table-1093-977
table-1093-977-1	[David_Eggen|David Eggen]	Gender	male	Numerical	table-1093-977
table-1093-977-8	[Brian_Mason|Brian Mason]	Gender	male	Numerical	table-1093-977
table-1615-457-4	[Samois-sur-Seine|Samois-sur-Seine]	Postal code	77920	Numerical	table-1615-457
table-1615-457-0	[Avon,_Seine-et-Marne|Avon]	Postal code	77210	Numerical	table-1615-457
table-1615-457-1	[Bois-le-Roi,_Seine-et-Marne|Bois-le-Roi]	Postal code	77590	Numerical	table-1615-457
table-1615-457-2	[Fontainebleau|Fontainebleau]	Postal code	77300	Numerical	table-1615-457
table-1615-457-3	[Héricy|Héricy]	Postal code	77850	Numerical	table-1615-457
table-0715-242-10	[Nathan_Cleverly|Nathan Cleverly]	Weight	Light-Heavyweight	Numerical	table-0715-242
table-0715-242-6	[Joe_Calzaghe|Joe Calzaghe]	Weight	Super-Middleweight	Numerical	table-0715-242
table-0715-242-4	[Steve_Robinson_(boxer)|Steve Robinson]	Weight	Featherweight	Numerical	table-0715-242
table-0715-242-2	[Jimmy_Wilde|Jimmy Wilde]	Weight	Flyweight	Numerical	table-0715-242
table-0715-242-3	[Howard_Winstone|Howard Winstone]	Weight	Featherweight	Numerical	table-0715-242
table-1222-587-29	[Secret_Invasion|Secret Invasion]	ISBN	ISBN 0-7851-3455-7	Numerical	table-1222-587
table-1222-587-7	[Armor_Wars|Iron Man: Armor Wars]	ISBN	ISBN 0-7851-2506-X	Numerical	table-1222-587
table-1222-587-2	[Doomquest|Iron Man: Doomquest]	ISBN	ISBN 0-7851-2834-4	Numerical	table-1222-587
table-1222-587-8	[Atlantis_Attacks|Atlantis Attacks]	ISBN	Category:Articles with invalid ISBNs	Numerical	table-1222-587
table-1222-587-22	[Extremis|Iron Man: Extremis]	ISBN	ISBN 0-7851-2258-3	Numerical	table-1222-587
table-0677-841-20	[Denver_International_Airport|Denver International Airport]	Codes (IATA/ICAO)	DEN/KDEN	Numerical	table-0677-841
table-0677-841-6	[Belfast_International_Airport|Belfast International Airport]	Codes (IATA/ICAO)	BFS/EGAA	Numerical	table-0677-841
table-0677-841-85	[Singapore_Changi_Airport|Singapore Changi Airport]	Codes (IATA/ICAO)	SIN/WSSS	Numerical	table-0677-841
table-0677-841-21	[Dublin_Airport|Dublin Airport]	Codes (IATA/ICAO)	DUB/EIDW	Numerical	table-0677-841
table-0677-841-52	[Lyon–Saint-Exupéry_Airport|Lyon-Saint Exupéry Airport]	Codes (IATA/ICAO)	LYS/LFLL	Numerical	table-0677-841
table-1145-659-3	[Coulibiac|Coulibiac]	Description	[Salmon|salmon]	Numerical	table-1145-659
table-1145-659-12	[Kvass|Kvass]	Description	A fermented non-alcoholic beverage made from black or regular rye bread.	Numerical	table-1145-659
table-1145-659-2	[Caviar|Caviar]	Description	[Roe|roe]	Numerical	table-1145-659
table-1145-659-31	[Vatrushka|Vatrushka]	Description	[Pastry|pastry]	Numerical	table-1145-659
table-1145-659-21	[Pirozhki|Pirozhki]	Description	[Bun|bun]	Numerical	table-1145-659
table-0863-210-6	[The_Guardian|The Guardian]	Category	News	Numerical	table-0863-210
table-0863-210-8	[Facebook|Facebook]	Category	[Social_networking_service|Social networking]	Numerical	table-0863-210
table-0863-210-9	[Twitter|Twitter]	Category	[Microblogging|Microblogging]	Numerical	table-0863-210
table-0863-210-10	[Yahoo!|Yahoo! Developer Network]	Category	Search and advertising	Numerical	table-0863-210
table-0863-210-0	[The_New_York_Times|New York Times]	Category	News	Numerical	table-0863-210
table-1417-692-13	[Neil_LaBute|Neil LaBute]	Degree(s)	[Bachelor_of_Arts|B.A.]	Numerical	table-1417-692
table-1417-692-3	[Mitch_Davis|Mitch Davis]	Degree(s)	[Bachelor_of_Arts|B.A.]	Numerical	table-1417-692
table-1417-692-18	[Johnny_Whitaker|Johnny Whitaker]	Degree(s)	[Bachelor_of_Arts|B.A.]	Numerical	table-1417-692
table-1417-692-4	[Don_Collier|Don Collier]	Degree(s)	[Bachelor_of_Arts|B.A.]	Numerical	table-1417-692
table-1417-692-14	[Kieth_Merrill|Kieth Merrill]	Degree(s)	[Bachelor_of_Arts|B.A.]	Numerical	table-1417-692
table-0084-426-4	[Republican_Party_(United_States)|Republican]	District	[California's_5th_congressional_district|California's 5th]	Numerical	table-0084-426
table-0084-426-10	[Democratic_Party_(United_States)|Democratic]	District	[Arkansas's_2nd_congressional_district|Arkansas's 2nd]	Numerical	table-0084-426
table-0084-426-246	[Democratic_Party_(United_States)|Democratic]	District	[Wisconsin's_4th_congressional_district|Wisconsin's 4th]	Numerical	table-0084-426
table-0084-426-136	[Republican_Party_(United_States)|Republican]	District	[New_York's_13th_congressional_district|New York's 13th]	Numerical	table-0084-426
table-0084-426-195	[Republican_Party_(United_States)|Republican]	District	[Texas's_12th_congressional_district|Texas's 12th]	Numerical	table-0084-426
table-0305-533-19	[Lincoln_(2012_film)|Lincoln]	Role	[Abraham_Lincoln|Abraham Lincoln]	Numerical	table-0305-533
table-0305-533-4	[A_Room_with_a_View_(1985_film)|A Room with a View]	Role	Cecil Vyse	Numerical	table-0305-533
table-0305-533-17	[There_Will_Be_Blood|There Will Be Blood]	Role	Daniel Plainview	Numerical	table-0305-533
table-0305-533-0	[Sunday_Bloody_Sunday_(film)|Sunday Bloody Sunday]	Role	Child vandal (Uncredited)	Numerical	table-0305-533
table-0305-533-1	[Gandhi_(film)|Gandhi]	Role	Colin	Numerical	table-0305-533
table-0692-716-10	[Saint_Jude_College|Saint Jude College]	Affiliation	Roman Catholic	String	table-0692-716
table-0692-716-2	[Central_Colleges_of_the_Philippines|Central Colleges of the Philippines]	Affiliation	Non-Sectarian	String	table-0692-716
table-0692-716-3	[De_La_Salle_Araneta_University|De La Salle Araneta University]	Affiliation	[Institute_of_the_Brothers_of_the_Christian_Schools|Institute_of_the_Brothers_of_the_Christian_Schools]	String	table-0692-716
table-0692-716-8	[Philippine_College_of_Criminology|Philippine College of Criminology]	Affiliation	Non-Sectarian	String	table-0692-716
table-0692-716-12	[Technological_Institute_of_the_Philippines|Technological Institute of the Philippines]	Affiliation	Non-Sectarian	String	table-0692-716
table-1036-570-4	[Bandkanon_1|Bkan 1]	Notes	-	String	table-1036-570
table-1036-570-2	[Bandvagn_206|PvBv 2062]	Notes	[Pvpj_1110|Pvpj 1110]	String	table-1036-570
table-1036-570-0	[120_Krh/40|120_Krh/40]	Notes	120mm caliber mortar	String	table-1036-570
table-1036-570-3	[Bandvagn_206|PvBv 2063]	Notes	[BGM-71_TOW|Rbs 55]	String	table-1036-570
table-1036-570-7	[Luftvärnsrobotvagn_701|Lvrbv 701]	Notes	[RBS_70|RBS 70]	String	table-1036-570
table-0181-454-1	[CITV-DT|CITV]	Current status	Global O&O	String	table-0181-454
table-0181-454-8	[CHAN-DT|CHAN]	Current status	Global O&O	String	table-0181-454
table-0181-454-7	[CHCA-TV|CKRD]	Current status	[E!_(Canadian_TV_system)|CH / E!]	String	table-0181-454
table-0181-454-3	[CISA-DT|CISA]	Current status	Global O&O	String	table-0181-454
table-0181-454-6	[CJNT-DT|CJNT]	Current status	[City_(TV_network)|City_(TV_network)]	String	table-0181-454
table-0012-523-7	[Zumwalt-class_destroyer|Zumwalt]	Last ship commissioned		String	table-0012-523
table-0012-523-3	[Charles_F._Adams-class_destroyer|Charles F. Adams]	Last ship commissioned	1964	String	table-0012-523
table-0012-523-6	[Arleigh_Burke-class_destroyer|Arleigh Burke]	Last ship commissioned		String	table-0012-523
table-0428-120-65	[Princess_Cecilie_of_Greece_and_Denmark|Princess Cecilie of Greece and Denmark]	Notability	royalty: Princess of Greece and Denmark	String	table-0428-120
table-0428-120-377	[Curtis_Turner|Curtis Turner]	Notability	[NASCAR|NASCAR]	String	table-0428-120
table-0428-120-203	[Dorjee_Khandu|Dorjee Khandu]	Notability	Chief Minister of Arunachal Pradesh	String	table-0428-120
table-0428-120-209	[Antony_Bulwer-Lytton,_Viscount_Knebworth|Antony Bulwer-Lytton, Viscount Knebworth]	Notability	Politician	String	table-0428-120
table-0428-120-108	[Alison_Des_Forges|Alison Des Forges]	Notability	investigator of human rights and an expert on the Rwandan genocide	String	table-0428-120
table-1358-390-4	[Yellowhead_County|Yellowhead County]	Description	[List_of_Alberta_provincial_highways|Highway 748]	String	table-1358-390
table-1358-390-10	[Keyhole_Markup_Language|KML]	Description		String	table-1358-390
table-1358-390-1	[Yellowhead_County|Yellowhead County]	Description	[Canadian_National_Railway|Canadian National Railway]	String	table-1358-390
table-1358-390-7	[Woodlands_County|Woodlands County]	Description	[Alberta_Highway_43|Highway 43]	String	table-1358-390
table-1358-390-2	[Yellowhead_County|Yellowhead County]	Description	[Peers,_Alberta|Peers]	String	table-1358-390
table-1211-479-1	[Rockaway_Valley_Methodist_Church|Rockaway Valley Methodist Church]	Description		String	table-1211-479
table-1211-479-13	[Stockholm_United_Methodist_Church|Stockholm United Methodist Church]	Description		String	table-1211-479
table-1211-479-11	[Harmony_Hill_United_Methodist_Church|Harmony Hill United Methodist Church]	Description		String	table-1211-479
table-1211-479-15	[Mount_Bethel_Methodist_Church|Mount Bethel Methodist Church]	Description		String	table-1211-479
table-1211-479-14	[Mount_Zion_African_Methodist_Episcopal_Church_and_Mount_Zion_Cemetery|Mount Zion African Methodist Episcopal Church and Mount Zion Cemetery]	Description		String	table-1211-479
table-0692-716-9	[PMI_Colleges|PMI Colleges]	Status	Private	String	table-0692-716
table-0692-716-11	[Trinity_University_of_Asia|Trinity University of Asia]	Status	Private	String	table-0692-716
table-0692-716-5	[Las_Piñas_College|Las Piñas College]	Status	Private	String	table-0692-716
table-0692-716-1	[University_of_the_Assumption|University of the Assumption]	Status	Private	String	table-0692-716
table-0692-716-0	[FEATI_University|FEATI University]	Status	Private	String	table-0692-716
table-1398-532-13	[Twenty_Bucks|Twenty Bucks]	Role	Angeline	String	table-1398-532
table-1398-532-14	[Prêt-à-Porter_(film)|Prêt-à-Porter]	Role	Regina Krumm	String	table-1398-532
table-1398-532-28	[God_of_War_III|God of War III]	Role	Pre-title screen credits Narrator	String	table-1398-532
table-1398-532-24	[Stranger_than_Fiction_(2006_film)|Stranger Than Fiction]	Role	Dr. Mittag-Leffler	String	table-1398-532
table-1398-532-16	[The_Relic_(film)|The Relic]	Role	Dr. Ann Cuthbert	String	table-1398-532
table-1152-407-10	[Charmaine_Li|Charmaine Li]	Role	Ku Chiu-Yee (顧昭兒)	String	table-1152-407
table-1152-407-1	[Myolie_Wu|Myolie Wu]	Role	Ku Ping-On (顧平安)	String	table-1152-407
table-1152-407-3	[Lau_Dan|Lau Dan]	Role	Ku Man-Chai (顧萬齊)	String	table-1152-407
table-1152-407-5	[Halina_Tam|Halina Tam]	Role	Luk Yin-Chun (陸燕珍)	String	table-1152-407
table-1152-407-11	[Casper_Chan|Casper Chan]	Role	Ku Oi-Yee (顧愛兒)	String	table-1152-407
table-1615-750-3	[Autonomous_Region_in_Muslim_Mindanao|ARMM]	Type	Improvised Explosive Device	String	table-1615-750
table-1615-750-1	[SOCCSKSARGEN|SOCCSKSARGEN]	Type	[Automatic_rifle|Automatic weapons]	String	table-1615-750
table-1615-750-2	[Zamboanga_Peninsula|Zamboanga Peninsula]	Type	[Automatic_rifle|Automatic weapons]	String	table-1615-750
table-1615-750-4	[SOCCSKSARGEN|SOCCSKSARGEN]	Type	Improvised Explosive Device	String	table-1615-750
table-1615-750-5	[Northern_Mindanao|Northern Mindanao]	Type	[Hand_grenade|Hand_grenade]	String	table-1615-750
table-0025-888-6	[Hefei|Hefei]	IATA	HFE	String	table-0025-888
table-0025-888-8	[Macau|Macau]	IATA	MFM	String	table-0025-888
table-0025-888-9	[Nanjing|Nanjing]	IATA	NKG	String	table-0025-888
table-0025-888-21	[Tokyo|Tokyo]	IATA	NRT	String	table-0025-888
table-0025-888-15	[Shanghai|Shanghai]	IATA	PVG	String	table-0025-888
table-1531-558-3	[Interstate_440_(North_Carolina)|Interstate 440]	Type	[Ring_road|Beltway]	String	table-1531-558
table-1531-558-5	[Interstate_840|Interstate 840]	Type	[Ring_road|Beltway]	String	table-1531-558
table-1531-558-4	[Interstate_540_(North_Carolina)|Interstate 540]	Type	[Spur_route|Spur]	String	table-1531-558
table-1531-558-1	[Interstate_140_(North_Carolina)|Interstate 140]	Type	[Spur_route|Spur]	String	table-1531-558
table-1531-558-0	[Interstate_40_Business_(North_Carolina)|Interstate 40 Business]	Type	[Business_route|Business loop]	String	table-1531-558
table-0329-901-3	[Dominic_Lam|Dominic Lam]	Role	Ting Shiu-King (King Sir) (丁兆景)	String	table-0329-901
table-0329-901-2	[Angela_Tong|Angela Tong]	Role	Tseung Yu-Bo (蔣如寶)	String	table-0329-901
table-0329-901-4	[Joyce_Tang|Joyce Tang]	Role	Koo Ka-Chun (Janet) (顧家珍)	String	table-0329-901
table-0329-901-8	[Leanne_Li|Leanne Li]	Role	Szeto Hiu-Sam(Queenie) (司徒曉心)	String	table-0329-901
table-0329-901-6	[Ellesmere_Choi|Ellesmere Choi]	Role	Ting Shiu-Tim 丁兆添	String	table-0329-901
table-1221-923-1	[Citizen_Kane|Citizen Kane]	Director(s)	[Orson_Welles|Orson Welles]	Entity	table-1221-923
table-1221-923-9	[Bicycle_Thieves|Bicycle Thieves (Ladri di biciclette)]	Director(s)	[Vittorio_De_Sica|Vittorio De Sica]	Entity	table-1221-923
table-1221-923-0	[The_Grapes_of_Wrath_(film)|The Grapes of Wrath]	Director(s)	[John_Ford|John Ford]	Entity	table-1221-923
table-1221-923-7	[Monsieur_Verdoux|Monsieur Verdoux]	Director(s)	[Charlie_Chaplin|Charlie Chaplin]	Entity	table-1221-923
table-1221-923-6	[Henry_V_(1944_film)|Henry V]	Director(s)	[Laurence_Olivier|Laurence Olivier]	Entity	table-1221-923
table-1550-778-16	[Markwayne_Mullin|Markwayne Mullin]	Party	[Republican_Party_(United_States)|Republican]	Entity	table-1550-778
table-1550-778-15	[Dan_Boren|Dan Boren]	Party	[Democratic_Party_(United_States)|Democratic]	Entity	table-1550-778
table-1550-778-3	[Alice_Mary_Robertson|Alice Robertson]	Party	[Republican_Party_(United_States)|Republican]	Entity	table-1550-778
table-1550-778-13	[Tom_Coburn|Tom Coburn]	Party	[Republican_Party_(United_States)|Republican]	Entity	table-1550-778
table-1550-778-7	[William_G._Stigler|William G. Stigler]	Party	[Democratic_Party_(United_States)|Democratic]	Entity	table-1550-778
table-1631-116-1	[London_Buses_route_125|125]	Operator	[Arriva_London|Arriva London]	Entity	table-1631-116
table-1631-116-5	[List_of_bus_routes_in_London|326]	Operator	[Metroline|Metroline]	Entity	table-1631-116
table-1631-116-0	[London_Buses_route_34|34]	Operator	[Arriva_London|Arriva London]	Entity	table-1631-116
table-1631-116-4	[London_Buses_route_263|263]	Operator	[Metroline|Metroline]	Entity	table-1631-116
table-1631-116-6	[London_Buses_route_383|383]	Operator	[Metroline|Metroline]	Entity	table-1631-116
table-0888-435-4	[Otis_Davis|Otis Davis]	Country	[United_States_at_the_Olympics|United States]	Entity	table-0888-435
table-0888-435-3	[Mack_Robinson_(athlete)|Mack Robinson]	Country	[United_States_at_the_Olympics|United States]	Entity	table-0888-435
table-0888-435-9	[Joaquim_Cruz|Joaquim Cruz]	Country	[Brazil_at_the_Olympics|Brazil]	Entity	table-0888-435
table-0888-435-14	[Ashton_Eaton|Ashton Eaton]	Country	[United_States_at_the_Olympics|United States]	Entity	table-0888-435
table-0888-435-13	[Keshia_Baker|Keshia Baker]	Country	[United_States_at_the_Olympics|United States]	Entity	table-0888-435
table-1282-140-1	[Bordighera|Bordighera]	Country	Italy	Entity	table-1282-140
table-1282-140-3	[Zschopau|Zschopau]	Country	Germany	Entity	table-1282-140
table-1282-140-4	[Budakeszi|Budakeszi]	Country	Hungary	Entity	table-1282-140
table-1282-140-2	[Grenchen|Grenchen]	Country	Switzerland	Entity	table-1282-140
table-1282-140-0	[Carmaux|Carmaux]	Country	France	Entity	table-1282-140
table-0874-236-4	[Before_the_Devil_Knows_You're_Dead|Before the Devil Knows You're Dead]	Director	[Sidney_Lumet|Sidney Lumet]	Entity	table-0874-236
table-0874-236-10	[Youth_Without_Youth_(film)|Youth Without Youth]	Director	[Francis_Ford_Coppola|Francis Ford Coppola]	Entity	table-0874-236
table-0874-236-9	[The_Tracey_Fragments_(film)|The Tracey Fragments]	Director	[Bruce_McDonald_(director)|Bruce McDonald]	Entity	table-0874-236
table-0874-236-3	[Rendition_(film)|Rendition]	Director	[Gavin_Hood|Gavin Hood]	Entity	table-0874-236
table-0470-996-0	[Pike_County,_Illinois|Pike]	Location	[Levee_Township,_Pike_County,_Illinois|Levee Township]	Entity	table-0470-996
table-0470-996-4	[Adams_County,_Illinois|Adams]	Location	[Ellington_Township,_Adams_County,_Illinois|Ellington Township]	Entity	table-0470-996
table-0470-996-1	[Adams_County,_Illinois|Adams]	Location	[Fall_Creek_Township,_Adams_County,_Illinois|Fall Creek Township]	Entity	table-0470-996
table-0470-996-3	[Adams_County,_Illinois|Adams]	Location	[Quincy,_Illinois|Quincy]	Entity	table-0470-996
table-0470-996-2	[Adams_County,_Illinois|Adams]	Location	[Melrose_Township,_Adams_County,_Illinois|Melrose Township]	Entity	table-0470-996
table-1038-464-4	[TAROM|TAROM]	Country	[Romania|Romania]	Entity	table-1038-464
table-1038-464-1	[Avianca|Avianca]	Country	[Colombia|Colombia]	Entity	table-1038-464
table-1038-464-3	[British_Airways_Ltd_(1935–39)|British Airways Limited]	Country	[United_Kingdom|United Kingdom]	Entity	table-1038-464
table-1038-464-2	[Avianca_Brazil|Avianca Brazil]	Country	[Brazil|Brazil]	Entity	table-1038-464
table-1038-464-0	[Air_France|Air France]	Country	[France|France]	Entity	table-1038-464
table-1003-948-7	[Noyal-sur-Brutz|Noyal-sur-Brutz]	Avessac	[Nozay,_Loire-Atlantique|Nozay]	Entity	table-1003-948
table-1003-948-3	[Jans|Jans]	Avessac	[Juigné-des-Moutiers|Juigné-des-Moutiers]	Entity	table-1003-948
table-1003-948-2	[Grand-Auverné|Grand-Auverné]	Avessac	[Guémené-Penfao|Guémené-Penfao]	Entity	table-1003-948
table-1003-948-5	[Louisfert|Louisfert]	Avessac	[Lusanger|Lusanger]	Entity	table-1003-948
table-1003-948-6	[Moisdon-la-Rivière|Moisdon-la-Rivière]	Avessac	[Mouais|Mouais]	Entity	table-1003-948
table-0517-758-4	[The_Lord_of_the_Rings|The Lord of the Rings]	Author	[J._R._R._Tolkien|J. R. R. Tolkien]	Entity	table-0517-758
table-0517-758-0	[Foundation_series|Foundation]	Author	[Isaac_Asimov|Isaac Asimov]	Entity	table-0517-758
table-0517-758-2	[Future_History|Future History]	Author	[Robert_A._Heinlein|Robert A. Heinlein]	Entity	table-0517-758
table-0517-758-1	[Barsoom|Barsoom]	Author	[Edgar_Rice_Burroughs|Edgar Rice Burroughs]	Entity	table-0517-758
table-0517-758-3	[Lensman_series|Lensmen]	Author	[E._E._Smith|E. E. Smith]	Entity	table-0517-758
table-1012-224-3	[College_of_Saint_Teresa|College of Saint Teresa]	Location	[Winona,_Minnesota|Winona]	Entity	table-1012-224
table-1012-224-2	[Pillsbury_Baptist_Bible_College|Pillsbury Baptist Bible College]	Location	[Owatonna,_Minnesota|Owatonna]	Entity	table-1012-224
table-1012-224-5	[University_of_Minnesota_Waseca|University of Minnesota Waseca]	Location	[Waseca,_Minnesota|Waseca]	Entity	table-1012-224
table-1012-224-1	[Lea_College|Lea College]	Location	[Albert_Lea,_Minnesota|Albert Lea]	Entity	table-1012-224
table-1012-224-4	[Southern_Minnesota_Normal_College|Southern Minnesota Normal College]	Location	[Austin,_Minnesota|Austin]	Entity	table-1012-224
table-1164-445-4	[Monia_Baccaille|Monia Baccaille]	Nation	[Italy|Italy]	Entity	table-1164-445
table-1164-445-12	[Elissavet_Chantzi|Elissavet Chantzi]	Nation	[Greece|Greece]	Entity	table-1164-445
table-1164-445-9	[Martina_Růžičková|Martina Ruzickova]	Nation	[Czech_Republic|Czech Republic]	Entity	table-1164-445
table-1164-445-5	[Aksana_Papko|Aksana Papko]	Nation	[Belarus|Belarus]	Entity	table-1164-445
table-1164-445-3	[Leire_Olaberria|Leire Olaberria Dorronsoro]	Nation	[Spain|Spain]	Entity	table-1164-445
table-0378-628-6	[7th_Golden_Globe_Awards|1949]	Film	[All_the_King's_Men_(1949_film)|All the King's Men]	Entity	table-0378-628
table-0378-628-5	[6th_Golden_Globe_Awards|1948]	Film	[Hamlet_(1948_film)|Hamlet]	Entity	table-0378-628
table-0378-628-2	[3rd_Golden_Globe_Awards|1945]	Film	[The_Lost_Weekend_(film)|The Lost Weekend]	Entity	table-0378-628
table-0378-628-0	[1st_Golden_Globe_Awards|1943]	Film	[Watch_on_the_Rhine|Watch on the Rhine]	Entity	table-0378-628
table-0378-628-4	[5th_Golden_Globe_Awards|1947]	Film	[A_Double_Life|A Double Life]	Entity	table-0378-628
table-0148-655-5	[Greatest_Hits_(A_Lighter_Shade_of_Brown_album)|Greatest Hits]	Label	[Thump_Records|Thump]	Entity	table-0148-655
table-0148-655-1	[Hip_Hop_Locos|Hip Hop Locos]	Label	[Quality_Records|Quality]	Entity	table-0148-655
table-0148-655-3	[A_Lighter_Shade_of_Brown_(album)|A Lighter Shade of Brown]	Label	[Thump_Records|Thump]	Entity	table-0148-655
table-0148-655-4	[If_You_Could_See_Inside_Me|If You Could See Inside Me]	Label	[Thump_Records|Thump]	Entity	table-0148-655
table-0148-655-2	[Layin'_in_the_Cut|Layin' in the Cut]	Label	[Mercury_Records|Mercury]	Entity	table-0148-655
table-1454-8-6	[The_Brave_and_the_Bold|The Brave and the Bold]	Publisher	[DC_Comics|DC Comics]	Entity	table-1454-8
table-1454-8-7	[Civil_War_(comics)|Civil War]	Publisher	[Marvel_Comics|Marvel Comics]	Entity	table-1454-8
table-1454-8-1	[Strange_Tales|Strange Tales]	Publisher	[Marvel_Comics|Marvel Comics]	Entity	table-1454-8
table-1454-8-2	[Maximum_Security_(comics)|Maximum Security]	Publisher	[Marvel_Comics|Marvel Comics]	Entity	table-1454-8
table-1454-8-3	[Planetary_(comics)|Planetary]	Publisher	[WildStorm|WildStorm Productions]	Entity	table-1454-8
table-0356-460-6	[Denver_International_Airport|Denver, Colorado]	Carriers	American, Frontier, Southwest, United	Entity	table-0356-460
table-0356-460-8	[Phoenix_Sky_Harbor_International_Airport|Phoenix, Arizona]	Carriers	American, Delta, Southwest, United, US Airways	Entity	table-0356-460
table-0356-460-5	[Honolulu_International_Airport|Honolulu, Hawaii]	Carriers	American, Delta, Hawaiian, United	Entity	table-0356-460
table-0356-460-7	[Hartsfield–Jackson_Atlanta_International_Airport|Atlanta, Georgia]	Carriers	AirTran, Delta, Southwest	Entity	table-0356-460
table-0356-460-9	[Seattle–Tacoma_International_Airport|Seattle, Washington]	Carriers	Alaska, Delta, United, Virgin America	Entity	table-0356-460
table-0001-483-7	[Kimigahama_Station|Kimigahama]	Date opened	21 June 1931	Entity	table-0001-483
table-0001-483-9	[Tokawa_Station|Tokawa]	Date opened	5 July 1923	Entity	table-0001-483
table-0001-483-2	[Kannon_Station|Kannon]	Date opened	5 July 1923	Entity	table-0001-483
table-0001-483-0	[Chōshi_Station|Chōshi]	Date opened	5 July 1923	Entity	table-0001-483
table-0001-483-4	[Kasagami-Kurohae_Station|Kasagami-Kurohae]	Date opened	1 July 1925	Entity	table-0001-483
table-0452-575-10	[Lexcycle|Lexcycle Stanza]	Platform	[Microsoft_Windows|Microsoft_Windows]	Entity	table-0452-575
table-0452-575-9	[Lektz|Lektz]	Platform	[Android_(operating_system)|Android]	Entity	table-0452-575
table-0452-575-5	[Calibre_(software)|calibre]	Platform	[Microsoft_Windows|Microsoft_Windows]	Entity	table-0452-575
table-0452-575-1	[Aldiko|Aldiko]	Platform	[Android_(operating_system)|Android]	Entity	table-0452-575
table-0452-575-13	[Okular|Okular]	Platform	[Microsoft_Windows|Microsoft_Windows]	Entity	table-0452-575
table-0481-395-10	[Mick_Cotter|Mick Cotter]	Party	[Liberal_Party_of_Australia|Liberal]	Entity	table-0481-395
table-0481-395-11	[Graeme_Campbell_(politician)|Graeme Campbell]	Party	[Australian_Labor_Party|Labor]	Entity	table-0481-395
table-0481-395-14	[Barry_Haase|Barry Haase]	Party	[Liberal_Party_of_Australia|Liberal]	Entity	table-0481-395
table-0481-395-1	[Charles_Frazer_(politician)|Charles Frazer]	Party	[Australian_Labor_Party|Labor]	Entity	table-0481-395
table-0481-395-12	[Graeme_Campbell_(politician)|Graeme Campbell]	Party	[Independent_politician|Independent]	Entity	table-0481-395
table-0066-426-7	[The_Dead_(1987_film)|The Dead]	Director(s)	[John_Huston|John Huston]	Entity	table-0066-426
table-0066-426-2	[Tootsie|Tootsie]	Director(s)	[Sydney_Pollack|Sydney Pollack]	Entity	table-0066-426
table-0066-426-4	[Stranger_Than_Paradise|Stranger Than Paradise]	Director(s)	[Jim_Jarmusch|Jim Jarmusch]	Entity	table-0066-426
table-0066-426-8	[The_Unbearable_Lightness_of_Being_(film)|The Unbearable Lightness of Being]	Director(s)	[Philip_Kaufman|Philip Kaufman]	Entity	table-0066-426
table-0066-426-5	[Ran_(film)|Ran]	Director(s)	[Akira_Kurosawa|Akira Kurosawa]	Entity	table-0066-426
table-1414-366-5	[ZU-23-2|ZU-23-2]	Origin	[Soviet_Union|Soviet Union]	Entity	table-1414-366
table-1414-366-1	[FIM-92_Stinger|FIM-92 Stinger]	Origin	[United_States|United States]	Entity	table-1414-366
table-1414-366-3	[ZSU-23-4|ZSU-23-4]	Origin	[Soviet_Union|Soviet Union]	Entity	table-1414-366
table-1414-366-6	[Hispano-Suiza_HS.404|TCM-20]	Origin	[France|France]	Entity	table-1414-366
table-1414-366-4	[Bofors_40_mm_gun|Bofors L/70]	Origin	[Sweden|Sweden]	Entity	table-1414-366
table-0079-244-0	[2001_Daytona_500|2001]	Network	[Fox_NASCAR|Fox]	Entity	table-0079-244
table-0079-244-1	[2002_Daytona_500|2002]	Network	[NASCAR_on_NBC|NBC]	Entity	table-0079-244
table-0079-244-4	[2005_Daytona_500|2005]	Network	[Fox_NASCAR|Fox]	Entity	table-0079-244
table-0079-244-3	[2004_Daytona_500|2004]	Network	[NASCAR_on_NBC|NBC]	Entity	table-0079-244
table-0079-244-2	[2003_Daytona_500|2003]	Network	[Fox_NASCAR|Fox]	Entity	table-0079-244
table-0011-362-3	[Super_Junior_Unbelievable_Story|Super Junior Unbelievable Story]	Network	[Munhwa_Broadcasting_Corporation|MBC]	Entity	table-0011-362
table-0011-362-2	[Super_Junior_Mini-Drama|Super Junior Mini-Drama]	Network	[Mnet_(TV_channel)|Mnet]	Entity	table-0011-362
table-0011-362-4	[Dream_High|Dream High]	Network	[Korean_Broadcasting_System|KBS]	Entity	table-0011-362
table-0011-362-0	[All_About_Eve_(TV_series)|All About Eve]	Network	[Munhwa_Broadcasting_Corporation|MBC]	Entity	table-0011-362
table-0011-362-1	[Nonstop_(TV_series)|Rainbow Romance]	Network	[Munhwa_Broadcasting_Corporation|MBC]	Entity	table-0011-362
table-1098-392-5	[Mike_Enzi|Mike Enzi]	State	[Wyoming|Wyoming]	Entity	table-1098-392
table-1098-392-6	[Deb_Fischer|Deb Fischer]	State	[Nebraska|Nebraska]	Entity	table-1098-392
table-1098-392-2	[Tom_Carper|Tom Carper]	State	Delaware	Entity	table-1098-392
table-1098-392-8	[Jim_Inhofe|Jim Inhofe]	State	[Oklahoma|Oklahoma]	Entity	table-1098-392
table-1098-392-11	[Richard_Shelby|Richard Shelby]	State	[Alabama|Alabama]	Entity	table-1098-392
table-0275-18-8	[Gene_Mayer|Gene Mayer]	Runner-up	[Victor_Amaya|Victor Amaya]	Entity	table-0275-18
table-0275-18-1	[Mark_Cox_(tennis)|Mark Cox]	Runner-up	[Arthur_Ashe|Arthur Ashe]	Entity	table-0275-18
table-0275-18-2	[Roscoe_Tanner|Roscoe Tanner]	Runner-up	[Arthur_Ashe|Arthur Ashe]	Entity	table-0275-18
table-0275-18-7	[Wojciech_Fibak|Wojciech Fibak]	Runner-up	[Victor_Amaya|Victor Amaya]	Entity	table-0275-18
table-0275-18-5	[Björn_Borg|Björn Borg]	Runner-up	[Brian_Gottfried|Brian Gottfried]	Entity	table-0275-18
table-0530-567-1	[Momoko_Tsugunaga|Momoko Tsugunaga]	Birth date	March 6, 1992	Time	table-0530-567
table-0530-567-5	[Yurina_Kumai|Yurina Kumai]	Birth date	August 3, 1993	Time	table-0530-567
table-0530-567-3	[Maasa_Sudo|Maasa Sudo]	Birth date	July 3, 1992	Time	table-0530-567
table-0530-567-4	[Miyabi_Natsuyaki|Miyabi Natsuyaki]	Birth date	August 25, 1992	Time	table-0530-567
table-0530-567-2	[Chinami_Tokunaga|Chinami Tokunaga]	Birth date	May 22, 1992	Time	table-0530-567
table-0505-888-14	[Landmarks_(Clannad_album)|Landmarks]	Year	1998	Time	table-0505-888
table-0505-888-6	[Legend_(Robin_of_Sherwood_soundtrack)|Legend]	Year	1984	Time	table-0505-888
table-0505-888-5	[Magical_Ring|Magical Ring]	Year	1983	Time	table-0505-888
table-0505-888-10	[The_Angel_and_the_Soldier_Boy|The Angel and the Soldier Boy]	Year	1989	Time	table-0505-888
table-0505-888-7	[Macalla|Macalla]	Year	1985	Time	table-0505-888
table-0137-728-4	[List_of_Sea_Patrol_episodes|5]	Originally aired	26 April 2011	Time	table-0137-728
table-0137-728-0	[List_of_Sea_Patrol_episodes|1]	Originally aired	5 July 2007	Time	table-0137-728
table-0137-728-2	[List_of_Sea_Patrol_episodes|3]	Originally aired	18 May 2009	Time	table-0137-728
table-0137-728-3	[List_of_Sea_Patrol_episodes|4]	Originally aired	15 April 2010	Time	table-0137-728
table-0137-728-1	[List_of_Sea_Patrol_episodes|2]	Originally aired	31 March 2008	Time	table-0137-728
table-1211-479-5	[Methodist_Episcopal_Church_(Madison,_New_Jersey)|Methodist Episcopal Church (Madison, New Jersey)]	Dates	1870 built 2008 NRHP-listed	Time	table-1211-479
table-1211-479-4	[Trinity_African_Methodist_Episcopal_Church|Trinity African Methodist Episcopal Church]	Dates	built NRHP-listed	Time	table-1211-479
table-1211-479-6	[Clarksburg_Methodist_Episcopal_Church|Clarksburg Methodist Episcopal Church]	Dates	1845 built 1999 NRHP-listed	Time	table-1211-479
table-0323-31-4	[Pat_Duncan|Pat Duncan]	Date of birth	April 8, 1960 (age53)	Time	table-0323-31
table-0323-31-0	[Chris_Pearson_(politician)|Chris Pearson]	Date of birth	1931 (age82–83)	Time	table-0323-31
table-0323-31-5	[Dennis_Fentie|Dennis Fentie]	Date of birth	November 8, 1950 (age63)	Time	table-0323-31
table-0323-31-2	[Tony_Penikett|Tony Penikett]	Date of birth	November 14, 1945 (age68)	Time	table-0323-31
table-0323-31-3	[Piers_McDonald|Piers McDonald]	Date of birth	August 4, 1955 (age58)	Time	table-0323-31
table-1522-438-1	[Edmonton_Prospects|Edmonton Prospects]	Established	2006	Time	table-1522-438
table-1522-438-2	[Lethbridge_Bulls|Lethbridge Bulls]	Established	1999	Time	table-1522-438
table-1522-438-9	[Saskatoon_Yellow_Jackets|Saskatoon Yellow Jackets]	Established	2002	Time	table-1522-438
table-1522-438-12	[Yorkton_Cardinals|Yorkton Cardinals]	Established	2004	Time	table-1522-438
table-1522-438-10	[Swift_Current_Indians_(baseball)|Swift Current Indians]	Established	1950	Time	table-1522-438
table-0299-994-9	[Saved_by_the_Bell|Saved by the Bell]	First Aired	1989	Time	table-0299-994
table-0299-994-12	[Late_Night_with_David_Letterman|Late Night with David Letterman]	First Aired	1982	Time	table-0299-994
table-0299-994-2	[Count_Duckula|Count Duckula]	First Aired	1988	Time	table-0299-994
table-0299-994-7	[Knots_Landing|Knots Landing]	First Aired	1979	Time	table-0299-994
table-0299-994-0	[Santa_Barbara_(TV_series)|Santa Barbara]	First Aired	1984	Time	table-0299-994
table-0278-605-3	[Edward_English|Edward English]	Death date	5 September 1966	Time	table-0278-605
table-0278-605-8	[D._B._Deodhar|D. B. Deodhar]	Death date	24 August 1993	Time	table-0278-605
table-0278-605-0	[Jim_Hutchinson|Jim Hutchinson]	Death date	7 November 2000	Time	table-0278-605
table-0278-605-2	[Rupert_de_Smidt|Rupert de Smidt]	Death date	3 August 1986	Time	table-0278-605
table-1286-517-1	[Shoaib_Malik|Shoaib Malik]	Birth date	1 February 1982 (age32)	Time	table-1286-517
table-1286-517-5	[Kyle_Mayers|Kyle Mayers]	Birth date	8 September 1992 (age21)	Time	table-1286-517
table-1286-517-4	[Azhar_Mahmood|Azhar Mahmood]	Birth date	28 February 1975 (age38)	Time	table-1286-517
table-1286-517-18	[Jason_Holder|Jason Holder]	Birth date	5 November 1991 (age22)	Time	table-1286-517
table-1286-517-17	[Rayad_Emrit|Rayad Emrit]	Birth date	8 March 1981 (age32)	Time	table-1286-517
table-0891-317-9	[One_Froggy_Evening|One Froggy Evening]	Release date	12-31-1955	Time	table-0891-317
table-0891-317-0	[Back_Alley_Oproar|Back Alley Oproar]	Release date	03-27-1948	Time	table-0891-317
table-0891-317-12	[Stage_Door_Cartoon|Stage Door Cartoon]	Release date	12-30-1944	Time	table-0891-317
table-0891-317-6	[Katnip_Kollege|Katnip Kollege]	Release date	06-11-1938	Time	table-0891-317
table-0891-317-2	[A_Corny_Concerto|Corny Concerto, A]	Release date	09-18-1943	Time	table-0891-317
table-1566-51-7	[SpongeBob_SquarePants_(season_6)|6]	DVD releases	December 8, 2009	Time	table-1566-51
table-1566-51-8	[SpongeBob_SquarePants_(season_6)|6]	DVD releases	December 7, 2010	Time	table-1566-51
table-1566-51-4	[SpongeBob_SquarePants_(season_4)|4]	DVD releases	January9, 2007	Time	table-1566-51
table-1566-51-2	[SpongeBob_SquarePants_(season_3)|3]	DVD releases	September27, 2005	Time	table-1566-51
table-1566-51-3	[SpongeBob_SquarePants_(season_4)|4]	DVD releases	September12, 2006	Time	table-1566-51
table-0438-90-9	[SNK_vs._Capcom:_The_Match_of_the_Millennium|SNK vs. Capcom: Match of the Millennium]	Release Date	11/30/1999 12/22/1999 --/--/1999	Time	table-0438-90
table-0438-90-2	[Shanghai_Mini|Shanghai Mini]	Release Date	--/--/2000 07/29/1999 --/--/2000	Time	table-0438-90
table-0438-90-0	[Samurai_Shodown_(series)|Samurai Shodown!]	Release Date	12/25/1998 --/--/1998	Time	table-0438-90
table-0438-90-1	[Samurai_Shodown!_2|Samurai Shodown! 2]	Release Date	04/30/1999 06/10/1999 --/--/2000	Time	table-0438-90
table-0438-90-6	[SNK_vs._Capcom:_Card_Fighters_Clash|SNK vs. Capcom: Card Fighter's Clash - Capcom Version]	Release Date	11/30/1999 10/21/1999 --/--/1999	Time	table-0438-90
table-0204-5-1	[15_Sagittae|15 Sge]	Arrival date	February 2057	Time	table-0204-5
table-0204-5-0	[16_Cygni|16 Cyg A]	Arrival date	November 2069	Time	table-0204-5
table-0204-5-3	[Gliese_777|Gl 777]	Arrival date	April 2051	Time	table-0204-5
table-0204-5-6	[55_Cancri|55 Cnc]	Arrival date	May 2044	Time	table-0204-5
table-0204-5-8	[47_Ursae_Majoris|47 UMa]	Arrival date	May 2049	Time	table-0204-5
table-1416-268-4	[Delta_Sigma_Theta|Delta Sigma Theta]	Year Founded	1913	Time	table-1416-268
table-1416-268-1	[Alpha_Kappa_Alpha|Alpha Kappa Alpha]	Year Founded	1908	Time	table-1416-268
table-1416-268-2	[Kappa_Alpha_Psi|Kappa Alpha Psi]	Year Founded	1911	Time	table-1416-268
table-1416-268-3	[Omega_Psi_Phi|Omega Psi Phi]	Year Founded	1911	Time	table-1416-268
table-1416-268-7	[Sigma_Gamma_Rho|Sigma Gamma Rho]	Year Founded	1922	Time	table-1416-268
table-1373-351-5	[United_States_Porpoise-class_submarine|Porpoise]	Last ship commissioned	USS Pompano (SS-181)	Time	table-1373-351
table-1373-351-7	[Sargo-class_submarine|Sargo]	Last ship commissioned	USS Seawolf (SS-197)	Time	table-1373-351
table-1373-351-10	[Gato-class_submarine|Gato]	Last ship commissioned	USS Croaker (SS-246)	Time	table-1373-351
table-1373-351-9	[Mackerel-class_submarine|Mackerel]	Last ship commissioned	USS Marlin (SS-205)	Time	table-1373-351
table-1373-351-0	[V-boat|Barracuda]	Last ship commissioned	USS Bonita (SS-165)	Time	table-1373-351
table-0002-2-2	[Suez|Suez]	Departure	4–6 January 1909	Time	table-0002-2
table-0002-2-1	[Colombo|Colombo]	Departure	20 December 1908	Time	table-0002-2
table-0002-2-0	[Manila|Manila]	Departure	1 December 1908	Time	table-0002-2
table-0002-2-4	[Hampton_Roads|Hampton Roads]	Departure		Time	table-0002-2
table-0002-2-3	[Gibraltar|Gibraltar]	Departure	6 February 1909	Time	table-0002-2
table-0127-141-3	[1962_Daytona_500|1962]	Start	1	Time	table-0127-141
table-0127-141-5	[1964_Daytona_500|1964]	Start	15	Time	table-0127-141
table-0127-141-1	[1960_Daytona_500|1960]	Start	3	Time	table-0127-141
table-0127-141-0	[1959_Daytona_500|1959]	Start	46	Time	table-0127-141
table-0127-141-4	[1963_Daytona_500|1963]	Start	1	Time	table-0127-141
table-1068-214-3	[University_of_Sydney|University of Sydney]	Duration	4 years	Time	table-1068-214
table-1068-214-1	[Flinders_University|Flinders University]	Duration	4 years	Time	table-1068-214
table-1068-214-9	[University_of_New_England_(Australia)|University of New England]	Duration	5 years	Time	table-1068-214
table-1068-214-7	[University_of_New_South_Wales|University of New South Wales]	Duration	6 years	Time	table-1068-214
table-1068-214-10	[Australian_National_University|Australian National University]	Duration	4 years	Time	table-1068-214
table-1165-220-5	[31st_Parliament_of_Ontario|31st]	Years	1977-1981	Time	table-1165-220
table-1165-220-3	[29th_Parliament_of_Ontario|29th]	Years	1971-1975	Time	table-1165-220
table-1165-220-4	[30th_Parliament_of_Ontario|30th]	Years	1975-1977	Time	table-1165-220
table-1165-220-2	[28th_Parliament_of_Ontario|28th]	Years	1967-1971	Time	table-1165-220
table-1165-220-1	[27th_Parliament_of_Ontario|27th]	Years	1963-1967	Time	table-1165-220
table-0480-789-5	[Cornelia_Supera|Gaia Cornelia Supera]	Marriage	?	Time	table-0480-789
table-0480-789-7	[Ulpia_Severina|Ulpia Severina]	Marriage	?	Time	table-0480-789
table-0480-789-0	[Caecilia_Paulina|Caecilia Paulina]	Marriage	?	Time	table-0480-789
table-0480-789-4	[Afinia_Gemina_Baebiana|Afinia Gemina Baebiana]	Marriage	?	Time	table-0480-789
table-0480-789-1	[Tranquillina|Furia Sabinia Tranquillina]	Marriage	May 241	Time	table-0480-789
table-0346-863-3	[Baikonur_Cosmodrome|Baikonur Cosmodrome]	Years	1980–1986	Time	table-0346-863
table-0346-863-14	[Kennedy_Space_Center|Kennedy Space Center]	Years	1981–2011	Time	table-0346-863
table-0346-863-5	[Baikonur_Cosmodrome|Baikonur Cosmodrome]	Years	2002–2011	Time	table-0346-863
table-0346-863-4	[Baikonur_Cosmodrome|Baikonur Cosmodrome]	Years	1987–2002	Time	table-0346-863
table-0346-863-2	[Baikonur_Cosmodrome|Baikonur Cosmodrome]	Years	1967–1981	Time	table-0346-863
table-1088-876-10	[Robin_Yount|Robin Yount]	Birth	September 16, 1955	Time	table-1088-876
table-1088-876-7	[Al_Myers|Al Myers]	Birth	October 22, 1863	Time	table-1088-876
table-1088-876-0	[Jason_Anderson_(baseball)|Jason Anderson]	Birth	June 9, 1979	Time	table-1088-876
table-1088-876-8	[Curtis_Redden|Curtis Redden]	Birth	February 8, 1881	Time	table-1088-876
table-1088-876-5	[Ben_Howard_(baseball)|Ben Howard]	Birth	January 15, 1979	Time	table-1088-876
table-1270-428-1	[Dianne_Brushett|Dianne Brushett]	Death		Time	table-1270-428
table-1270-428-0	[Robert_Begg|Robert Begg]	Death	1982	Time	table-1270-428
table-1270-428-7	[Aida_McAnn_Flemming|Aida McAnn Flemming]	Death	1944	Time	table-1270-428
table-1270-428-2	[Judy_Clendening|Judy Clendenning]	Death		Time	table-1270-428
table-1270-428-8	[Hugh_John_Flemming|Hugh John Flemming]	Death	1982	Time	table-1270-428
table-1476-836-0	[Horsepasture_River|Horsepasture State Natural River]	Established	1985	Time	table-1476-836
table-1476-836-2	[Lumber_River|Lumber State Natural River]	Established	1989	Time	table-1476-836
table-1476-836-1	[Linville_River|Linville State Natural River]	Established	1975	Time	table-1476-836
table-1476-836-4	[Lumber_River|Lumber State Recreational River]	Established	1989	Time	table-1476-836
table-1476-836-5	[New_River_(Kanawha_River)|New State Scenic River]	Established	1975	Time	table-1476-836
table-1298-86-0	[Interstate_26_in_North_Carolina|I-26]	Established	1960s	Time	table-1298-86
table-1298-86-1	[Interstate_40_in_North_Carolina|I-40]	Established	1956	Time	table-1298-86
table-1298-86-2	[Interstate_73_in_North_Carolina|I-73]	Established	1997	Time	table-1298-86
table-1298-86-6	[Interstate_95_in_North_Carolina|I-95]	Established	1956	Time	table-1298-86
table-1298-86-4	[Interstate_77_in_North_Carolina|I-77]	Established	1965	Time	table-1298-86
table-0573-53-3	[April|April]	Days	30	Numerical	table-0573-53
table-0573-53-5	[June|June]	Days	30	Numerical	table-0573-53
table-0573-53-4	[May|May]	Days	31	Numerical	table-0573-53
table-0573-53-11	[December|December]	Days	31	Numerical	table-0573-53
table-0573-53-8	[September|September]	Days	30	Numerical	table-0573-53
table-0442-591-6	[Norfolk_Southern_Railway|Norfolk Southern]	Quantity	89	Numerical	table-0442-591
table-0442-591-4	[CSX_Transportation|CSX Transportation]	Quantity	156	Numerical	table-0442-591
table-0442-591-1	[Canadian_National_Railway|Canadian National]	Quantity	35	Numerical	table-0442-591
table-0442-591-7	[Union_Pacific_Railroad|Union Pacific Railroad]	Quantity	257	Numerical	table-0442-591
table-0442-591-5	[Vale_(mining_company)|Estrada de Ferro Carajás]	Quantity	4	Numerical	table-0442-591
table-0981-892-8	[Harras_El_Hodoud_Stadium|Harras El-Hedoud Stadium]	Seating Capacity	25,000	Numerical	table-0981-892
table-0981-892-17	[El_Gouna_Stadium|El Gouna Stadium]	Seating Capacity	13,000	Numerical	table-0981-892
table-0981-892-11	[Ismailia_Stadium|Ismailia Stadium]	Seating Capacity	18,525	Numerical	table-0981-892
table-0981-892-4	[Al-Salam_Stadium_(Cairo)|Al-Salam Stadium]	Seating Capacity	30,000	Numerical	table-0981-892
table-0981-892-1	[Cairo_International_Stadium|Cairo Stadium]	Seating Capacity	75,000	Numerical	table-0981-892
table-0554-253-11	[A.S._Melfi|A.S. Melfi]	Capacity	4,500	Numerical	table-0554-253
table-0554-253-15	[A.S.D._Città_di_Siracusa|U.S. Siracusa]	Capacity	6,200	Numerical	table-0554-253
table-0554-253-12	[S.S._Monopoli_1966|A.C. Monopoli]	Capacity	6,880	Numerical	table-0554-253
table-0554-253-1	[A.S.D._Barletta_1922|S.S. Barletta Calcio]	Capacity	5,000	Numerical	table-0554-253
table-0554-253-9	[S.S._Juve_Stabia|S.S. Juve Stabia]	Capacity	10,400	Numerical	table-0554-253
table-0626-638-11	[Sport_Boys|Sport Boys]	Capacity	15,000	Numerical	table-0626-638
table-0626-638-4	[Colegio_Nacional_Iquitos|Colegio Nacional Iquitos]	Capacity	24,000	Numerical	table-0626-638
table-0626-638-2	[Asociación_Deportiva_Tarma|Asociación Deportiva Tarma]	Capacity	9,000	Numerical	table-0626-638
table-0626-638-12	[Sporting_Cristal|Sporting Cristal]	Capacity	45,750	Numerical	table-0626-638
table-0626-638-10	[FBC_Melgar|Melgar]	Capacity	20,000	Numerical	table-0626-638
table-0013-514-8	[Nottingham_Panthers|Nottingham Panthers]	Capacity	8,000	Numerical	table-0013-514
table-0013-514-2	[Cardiff_Devils|Cardiff Devils]	Capacity	3,500	Numerical	table-0013-514
table-0013-514-6	[Fife_Flyers|Fife Flyers]	Capacity	4,280	Numerical	table-0013-514
table-0013-514-1	[Braehead_Clan|Braehead Clan]	Capacity	5,000	Numerical	table-0013-514
table-0013-514-9	[Sheffield_Steelers|Sheffield Steelers]	Capacity	13,500	Numerical	table-0013-514
table-0818-804-1	[Football_Park|Football Park]	Capacity at Construction	52,000	Numerical	table-0818-804
table-0818-804-0	[Docklands_Stadium|Docklands Stadium]	Capacity at Construction	53,000	Numerical	table-0818-804
table-0818-804-2	[Subiaco_Oval|Subiaco Oval]	Capacity at Construction	43,500	Numerical	table-0818-804
table-0818-804-3	[Carrara_Stadium|Carrara Stadium]	Capacity at Construction	25,000	Numerical	table-0818-804
table-0818-804-9	[Whitten_Oval|Whitten Oval]	Capacity at Construction	15,000	Numerical	table-0818-804
table-1020-478-2	[KKJQ|KKJQ]	Frequency	97.3	Numerical	table-1020-478
table-1020-478-4	[KWKR|KWKR]	Frequency	99.9	Numerical	table-1020-478
table-1020-478-6	[KCCV|K300BC]	Frequency	107.9	Numerical	table-1020-478
table-1020-478-5	[KSSA|KSSA]	Frequency	105.9	Numerical	table-1020-478
table-1020-478-1	[High_Plains_Public_Radio|KANZ]	Frequency	91.1	Numerical	table-1020-478
table-0105-99-2	[DYBN|DYBN]	Frequency	92.3MHz	Numerical	table-0105-99
table-0105-99-5	[DXKB|DXKB]	Frequency	89.3MHz	Numerical	table-0105-99
table-0105-99-6	[DXBE|DXBE]	Frequency	89.1MHz	Numerical	table-0105-99
table-0105-99-1	[DYBE-FM|DYBE-FM]	Frequency	106.3MHz	Numerical	table-0105-99
table-0105-99-3	[DYSR|DYSR]	Frequency	95.1MHz	Numerical	table-0105-99
table-1057-467-1	[Chateh,_Alberta|Chateh]	Frequency	103.5	Numerical	table-1057-467
table-1057-467-12	[Jasper,_Alberta|Jasper]	Frequency	98.1	Numerical	table-1057-467
table-1057-467-6	[Fox_Creek,_Alberta|Fox Creek]	Frequency	91.3	Numerical	table-1057-467
table-1057-467-8	[Grande_Cache|Grande Cache]	Frequency	1450 AM*	Numerical	table-1057-467
table-1057-467-2	[Edmonton|Edmonton]	Frequency	93.9	Numerical	table-1057-467
table-0866-915-1	[Dealesville|Dealesville]	Population	361	Numerical	table-0866-915
table-0481-827-6	[Motuihe_Island|Motuihe Island]	Population	9	Numerical	table-0481-827
table-0481-827-7	[New_Zealand|New Zealand]	Population	1,200	Numerical	table-0481-827
table-0481-827-0	[Hen_and_Chicken_Islands|Hen Island]	Population	50	Numerical	table-0481-827
table-0481-827-1	[Kapiti_Island|Kapiti Island]	Population	1,000	Numerical	table-0481-827
table-0481-827-2	[Mercury_Islands|Red Mercury Island]	Population	30	Numerical	table-0481-827
table-1615-457-6	[Vulaines-sur-Seine|Vulaines-sur-Seine]	Inhabitants	2429	Numerical	table-1615-457
table-1615-457-5	[Samoreau|Samoreau]	Inhabitants	2290	Numerical	table-1615-457
table-1513-721-6	[Melville_Island_(Northwest_Territories_and_Nunavut)|Melville Island]	Area	km2 (sqmi)	Numerical	table-1513-721
table-1513-721-3	[Banks_Island|Banks Island]	Area	km2 (sqmi)	Numerical	table-1513-721
table-1513-721-5	[Axel_Heiberg_Island|Axel Heiberg Island]	Area	km2 (sqmi)	Numerical	table-1513-721
table-1513-721-8	[Prince_of_Wales_Island_(Nunavut)|Prince of Wales Island]	Area	km2 (sqmi)	Numerical	table-1513-721
table-1513-721-10	[Bathurst_Island_(Nunavut)|Bathurst Island]	Area	km2 (sqmi)	Numerical	table-1513-721
table-0518-106-8	[Socialist_Federal_Republic_of_Yugoslavia|Yugoslavia]	Area (000s)	255.8km 2	Numerical	table-0518-106
table-0518-106-3	[Hungarian_People's_Republic|Hungary]	Area (000s)	93.0km 2	Numerical	table-0518-106
table-0518-106-0	[People's_Socialist_Republic_of_Albania|Albania]	Area (000s)	28.7km 2	Numerical	table-0518-106
table-0518-106-1	[People's_Republic_of_Bulgaria|Bulgaria]	Area (000s)	110.9km 2	Numerical	table-0518-106
table-0518-106-6	[Socialist_Republic_of_Romania|Romania]	Area (000s)	237.5km 2	Numerical	table-0518-106
table-1560-45-7	[Tauern_Road_Tunnel|Tauern Road Tunnel]	length (km)	6.4	Numerical	table-1560-45
table-1560-45-1	[Fréjus_Road_Tunnel|Fréjus Road Tunnel]	length (km)	12.9	Numerical	table-1560-45
table-1560-45-5	[San_Bernardino_Tunnel|San Bernardino Tunnel]	length (km)	7.7	Numerical	table-1560-45
table-1560-45-3	[Great_St_Bernard_Tunnel|Great St Bernard Tunnel]	length (km)	5.9	Numerical	table-1560-45
table-1560-45-2	[Mont_Blanc_Tunnel|Mont Blanc Tunnel]	length (km)	11.6	Numerical	table-1560-45
table-1589-204-6	[Great_End|Great End]	Height (m)	910	Numerical	table-1589-204
table-1589-204-0	[Scafell_Pike|Scafell Pike]	Height (m)	978	Numerical	table-1589-204
table-1589-204-3	[Ill_Crag|Ill Crag]	Height (m)	935	Numerical	table-1589-204
table-1589-204-8	[Great_Gable|Great Gable]	Height (m)	899	Numerical	table-1589-204
table-1589-204-4	[Broad_Crag|Broad Crag]	Height (m)	934	Numerical	table-1589-204
table-0853-835-1	[Strata_SE1|Strata]	Height	m (ft)	Numerical	table-0853-835
table-0853-835-5	[Barbican_Estate|Cromwell Tower]	Height	m (ft)	Numerical	table-0853-835
table-0853-835-4	[West_Tower|West Tower]	Height	m (ft)	Numerical	table-0853-835
table-0853-835-2	[Pan_Peninsula|Pan Peninsula Tower 1]	Height	m (ft)	Numerical	table-0853-835
table-0853-835-3	[22_Marsh_Wall|The Landmark East Tower]	Height	m (ft)	Numerical	table-0853-835
table-0667-434-4	[Medusa_(Six_Flags_Discovery_Kingdom)|Medusa]	Height	ft (m)	Numerical	table-0667-434
table-0667-434-3	[Dominator_(roller_coaster)|Dominator]	Height	ft (m)	Numerical	table-0667-434
table-0667-434-2	[Viper_(Six_Flags_Magic_Mountain)|Viper]	Height	ft (m)	Numerical	table-0667-434
table-0667-434-14	[Kumba_(roller_coaster)|Kumba]	Height	ft (m)	Numerical	table-0667-434
table-0667-434-8	[Green_Lantern_(Six_Flags_Great_Adventure)|Green Lantern]	Height	ft (m)	Numerical	table-0667-434
table-0243-115-9	[PlayStation_Network|PlayStationStore Movies &amp; TV Shows]	Total bit rate/bandwidth		Numerical	table-0243-115
table-0243-115-13	[YouTube|YouTube]	Total bit rate/bandwidth		Numerical	table-0243-115
table-0243-115-0	[Amazon_Video|Amazon Instant Video]	Total bit rate/bandwidth	2.5-6 Mbit/s	Numerical	table-0243-115
table-0243-115-3	[TV.com|TV.com]	Total bit rate/bandwidth	3.5Mbit/s (2.5Mbits for 720p)	Numerical	table-0243-115
table-0243-115-11	[Vudu|Vudu]	Total bit rate/bandwidth	4.5Mbit/s	Numerical	table-0243-115
table-0200-395-4	[Frankfurt_U-Bahn|VgF]	Length	25.02 m	Numerical	table-0200-395
table-0200-395-3	[Cologne_Stadtbahn|KVB]	Length		Numerical	table-0200-395
table-0200-395-5	[Frankfurt_U-Bahn|VgF]	Length	24.764 m	Numerical	table-0200-395
table-0200-395-8	[Manchester_Metrolink|Metrolink]	Length	28.40 m	Numerical	table-0200-395
table-0200-395-1	[Bursaray|Bursaray]	Length	28.00 m	Numerical	table-0200-395
table-0521-849-5	[Italians|Italian]	Population	7,820	Numerical	table-0521-849
table-0521-849-1	[Scottish_people|Scottish]	Population	28,645	Numerical	table-0521-849
table-0521-849-8	[Ukrainians|Ukrainian]	Population	6,875	Numerical	table-0521-849
table-0521-849-2	[Irish_people|Irish]	Population	23,830	Numerical	table-0521-849
table-0521-849-6	[Dutch_people|Dutch]	Population	7,820	Numerical	table-0521-849
table-0388-615-1	[Estadio_Olímpico_Universitario|Olímpico]	Capacity	75,849	Numerical	table-0388-615
table-0388-615-6	[Estadio_Azul|Azul]	Capacity	35,161	Numerical	table-0388-615
table-0388-615-2	[Estadio_Jalisco|Jalisco]	Capacity	62,384	Numerical	table-0388-615
table-0388-615-8	[Estadio_Tecnológico|Tecnológico]	Capacity	33,000	Numerical	table-0388-615
table-0388-615-11	[Estadio_Victoria|Victoria]	Capacity	27,500	Numerical	table-0388-615
table-0198-753-3	[Saw_V|Saw V]	Budget	$10,800,000	Numerical	table-0198-753
table-0198-753-10	[God_of_War_(video_game)|God of War]	Budget	TBA	Numerical	table-0198-753
table-0198-753-6	[Saw_VI|Saw VI]	Budget	$11,000,000	Numerical	table-0198-753
table-0198-753-5	[The_Collector_(2009_film)|The Collector]	Budget	$6,000,000	Numerical	table-0198-753
table-0198-753-2	[Feast_2:_Sloppy_Seconds|Feast 2: Sloppy Seconds]	Budget	$2,000,000	Numerical	table-0198-753
table-1540-414-14	[Netherlands|Netherlands]	Annual Budget	<span> citation needed</span> 	Numerical	table-1540-414
table-1540-414-3	[Japan|Japan]	Annual Budget	<span> citation needed</span> 	Numerical	table-1540-414
table-1540-414-2	[France|France]	Annual Budget	<span> citation needed</span> 	Numerical	table-1540-414
table-1540-414-17	[Switzerland|Switzerland]	Annual Budget	<span> citation needed</span> 	Numerical	table-1540-414
table-1540-414-0	[United_States|United States]	Annual Budget	<span> citation needed</span> 	Numerical	table-1540-414
table-1207-699-0	[Carrier_Air_Wing_One|CVW-1]	Tailcode	AB	String	table-1207-699
table-1207-699-5	[Carrier_Air_Wing_Eight|CVW-8]	Tailcode	AJ	String	table-1207-699
table-1207-699-6	[Carrier_Air_Wing_Nine|CVW-9]	Tailcode	NG	String	table-1207-699
table-1207-699-1	[Carrier_Air_Wing_Two|CVW-2]	Tailcode	NE	String	table-1207-699
table-1207-699-8	[Carrier_Air_Wing_Seventeen|CVW-17]	Tailcode	NA	String	table-1207-699
table-0667-1-10	[Akdong_Musician|Akdong Musician]	Gender	Mix	String	table-0667-1
table-0667-1-2	[1TYM|1TYM]	Gender	Male	String	table-0667-1
table-0667-1-11	[Winner_(band)|WINNER]	Gender	Male	String	table-0667-1
table-0667-1-0	[Jinusean|Jinusean]	Gender	Male	String	table-0667-1
table-0667-1-5	[Big_Bang_(South_Korean_band)|Big Bang]	Gender	Male	String	table-0667-1
table-0531-600-11	[Orval,_Cher|Orval]	Inhabitants	1,997	String	table-0531-600
table-1079-342-7	[Barry_Jones_(boxer)|Barry Jones]	Weight	Super-Featherweight	String	table-1079-342
table-1079-342-0	[Percy_Jones_(boxer)|Percy Jones]	Weight	Flyweight	String	table-1079-342
table-1079-342-11	[Lee_Selby|Lee Selby]	Weight	Featherweight	String	table-1079-342
table-1079-342-1	[Freddie_Welsh|Freddie Welsh]	Weight	Lightweight	String	table-1079-342
table-1079-342-4	[Steve_Robinson_(boxer)|Steve Robinson]	Weight	Featherweight	String	table-1079-342
table-0077-280-6	[Monday_Mourning|Monday Mourning]	ISBNs	0-09-944148-9	String	table-0077-280
table-0077-280-9	[Bones_to_Ashes|Bones to Ashes]	ISBNs	978-0434014620	String	table-0077-280
table-0077-280-12	[Spider_Bones|Spider Bones]	ISBNs	978-1439102398	String	table-0077-280
table-0077-280-3	[Fatal_Voyage|Fatal Voyage]	ISBNs	0-09-930720-0	String	table-0077-280
table-0077-280-13	[Flash_and_Bones|Flash and Bones]	ISBNs	978-1439102411	String	table-0077-280
table-1344-234-2	[Rahul_Nambiar|Rahul Nambiar]	Lyricist	Bhaskarabhatla Ravikumar	String	table-1344-234
table-1344-234-0	[Ranjith_(singer)|Ranjith]	Lyricist	Bhaskarabhatla Ravikumar	String	table-1344-234
table-1344-234-4	[Geetha_Madhuri|Geetha Madhuri]	Lyricist	Bhaskarabhatla Ravikumar	String	table-1344-234
table-1344-234-1	[Suchitra|Suchitra]	Lyricist	Bhaskarabhatla Ravikumar	String	table-1344-234
table-1344-234-3	[Haricharan|Haricharan]	Lyricist	Bhaskarabhatla Ravikumar	String	table-1344-234
table-0453-132-3	[Pancake|Pancake]	Description	Pancake	String	table-0453-132
table-0453-132-1	[Meatball|Buletten]	Description	Kind of meatballs in Berlin	String	table-0453-132
table-0453-132-5	[Mett|Hackepeter]	Description	Raw ground pork that is spiced with salt and pepper, garlic and caraway.	String	table-0453-132
table-0453-132-2	[Currywurst|Currywurst]	Description	Hot pork sausage served either with curry ketchup or a tomato paste with curry powder.	String	table-0453-132
table-0453-132-8	[Berliner_(doughnut)|Pfannkuchen (name in other regions: Berliner)]	Description	Sweet dough dumplings, fried in fat or oil, filled with jam and glazed with confectioner's sugar. Also known simply as "Berliner" or, in the eastern part of Germany, including Berlin itself, "Pfannkuchen". In Bavaria they're called "Krapfen".	String	table-0453-132
table-0234-425-4	[Pipeline_(Unix)|Pipe]	Short Description	standard input and output	String	table-0234-425
table-0234-425-1	[Unix_signal|Signal]	Short Description	A system message sent from one process to another, not usually used to store information but instead give commands.	String	table-0234-425
table-0234-425-7	[Shared_memory|Shared memory]	Short Description	[Computer_memory|memory]	String	table-0234-425
table-0234-425-0	[Computer_file|File]	Short Description	A record stored on disk that can be accessed by name by any process	String	table-0234-425
table-0234-425-2	[Network_socket|Socket]	Short Description	A data stream sent over a network interface, either to a different process on the same computer or to another computer	String	table-0234-425
table-0384-303-0	[Melissa_Delgadillo|Melissa Delgadillo]	Degree(s)	B.A.	String	table-0384-303
table-0384-303-4	[Art_Rascon|Art Rascon]	Degree(s)	A.A.	String	table-0384-303
table-0384-303-3	[Timothy_Holst|Timothy Holst]	Degree(s)		String	table-0384-303
table-0384-303-1	[Jared_and_Jerusha_Hess|Jared and Jerusha Hess]	Degree(s)	[Brigham_Young_University|Brigham_Young_University]	String	table-0384-303
table-0384-303-2	[Gregg_Hale_(musician)|Gregg Hale]	Degree(s)	A.A.	String	table-0384-303
table-0350-999-1	[Borio_(Vidhan_Sabha_constituency)|Borio]	District	Sahebganj	String	table-0350-999
table-0350-999-4	[Pakaur_(Vidhan_Sabha_constituency)|Pakaur]	District	Pakur	String	table-0350-999
table-0350-999-0	[Rajmahal_(Vidhan_Sabha_constituency)|Rajmahal]	District	Sahebganj	String	table-0350-999
table-0350-999-2	[Barhait_(Vidhan_Sabha_constituency)|Barhait]	District	Sahebganj	String	table-0350-999
table-0350-999-3	[Litipara_(Vidhan_Sabha_constituency)|Litipara]	District	Pakur	String	table-0350-999
table-0227-835-1	[Blast_from_the_Past_(film)|Blast from the Past]	Role	Atkinson	String	table-0227-835
table-0227-835-8	[JAG_(TV_series)|JAG]	Role	Admiral Drake	String	table-0227-835
table-0227-835-12	[Love_Streams|Love Streams]	Role	Ken	String	table-0227-835
table-0227-835-10	[State_of_Grace_(film)|State of Grace]	Role	Borelli's Man	String	table-0227-835
table-0227-835-6	[Space_Jam|Space Jam]	Role	Baron's Manager	String	table-0227-835
table-1262-947-8	[University_of_Ontario_Institute_of_Technology|University of Ontario Institute of Technology]	Affiliation	Public	String	table-1262-947
table-1262-947-0	[Algoma_University|Algoma University]	Affiliation	Public	String	table-1262-947
table-1262-947-19	[York_University|York University]	Affiliation	Public	String	table-1262-947
table-1262-947-3	[University_of_Guelph|University of Guelph]	Affiliation	Public	String	table-1262-947
table-1262-947-6	[McMaster_University|McMaster University]	Affiliation	Public	String	table-1262-947
table-0918-840-12	[Tsar_Bomba|Tsar Bomba]	Notes	[Depleted_uranium|depleted uranium]	String	table-0918-840
table-0918-840-8	[B53_nuclear_bomb|B53 nuclear bomb]	Notes	[Enduring_Stockpile|Enduring Stockpile]	String	table-0918-840
table-0918-840-9	[Castle_Bravo|Castle Bravo]	Notes	Most powerful US test.	String	table-0918-840
table-0918-840-2	[Fat_Man|Fat Man]	Notes	[Plutonium-239|plutonium-239]	String	table-0918-840
table-0918-840-10	[B41_nuclear_bomb|B41]	Notes	[B41_nuclear_bomb|B41]	String	table-0918-840
table-0194-712-2	[Walter_M._Gibson|Church of Jesus Christ of Latter Day Saints (Gibsonite)]	Current status	Defunct	String	table-0194-712
table-0194-712-3	[William_W._Davies|Kingdom of Heaven]	Current status	Defunct	String	table-0194-712
table-0194-712-4	[Church_of_the_Firstborn_(Morrisite)|Church of Jesus Christ of Saints of the Most High]	Current status	Disbanded in 1969	String	table-0194-712
table-0194-712-1	[Church_of_the_Firstborn_(Morrisite)|Church of the Firstborn (Morrisite)]	Current status	Assumed defunct	String	table-0194-712
table-0194-712-0	[Arnold_Potter|Church of the Potter Christ]	Current status	Defunct	String	table-0194-712
table-0012-523-1	[Forrest_Sherman-class_destroyer|Forrest Sherman]	Notes	Derived from the Fletcher concept.	String	table-0012-523
table-0428-121-0	[Buddy_Holly|Buddy Holly]	Description of Members	All three tourmates were killed, along with pilot	String	table-0428-121
table-0428-121-2	[Chase_(band)|Chase]	Description of Members	[Bill_Chase|Bill Chase]	String	table-0428-121
table-0428-121-6	[Passion_Fruit_(band)|Passion Fruit]	Description of Members	[Eurodance|Eurodance]	String	table-0428-121
table-0428-121-1	[The_Bar-Kays|The_Bar-Kays]	Description of Members	[Ronnie_Caldwell|Ronnie Caldwell]	String	table-0428-121
table-0428-121-4	[Mamonas_Assassinas|Mamonas Assassinas]	Description of Members	All five members killed	String	table-0428-121
table-1374-616-3	[Municipal_District_of_Bighorn_No._8|M.D. of Bighorn No. 8]	Description	Category:Jct template transclusions with missing shields	String	table-1374-616
table-1374-616-5	[Municipal_District_of_Bighorn_No._8|M.D. of Bighorn No. 8]	Description	Preceded by Forestry Trunk Road (central segment)	String	table-1374-616
table-1374-616-1	[Municipal_District_of_Ranchland_No._66|M.D. of Ranchland No. 66]	Description	Category:Jct template transclusions with missing shields	String	table-1374-616
table-1374-616-10	[Yellowhead_County|Yellowhead County]	Description	Category:Jct template transclusions with missing shields	String	table-1374-616
table-1374-616-6	[Clearwater_County,_Alberta|Clearwater County]	Description	Category:Jct template transclusions with missing shields	String	table-1374-616
table-1211-842-7	[Holy_Trinity_Roman_Catholic_Church_(Chicago)|Holy Trinity Church (Chicago, Illinois)]	Description	Polish Cathedral Style	String	table-1211-842
table-1211-842-4	[Church_of_the_Holy_Family_(Cahokia,_Illinois)|Church of the Holy Family]	Description	Log building; black walnut timbers	String	table-1211-842
table-1211-842-17	[Cathedral_of_the_Immaculate_Conception_(Springfield,_Illinois)|Cathedral of the Immaculate Conception (Springfield, Illinois)]	Description	Greek Revival	String	table-1211-842
table-1211-842-2	[St._Mary's_Church_(Beaverville,_Illinois)|St. Mary's Catholic Church]	Description	Romanesque, Renaissance	String	table-1211-842
table-1422-378-4	[Metriorhynchus|Metriorhynchus]	Status	Valid	String	table-1422-378
table-1422-378-7	[Purranisaurus|Purranisaurus]	Status	Valid	String	table-1422-378
table-1422-378-3	[Gracilineustes|Gracilineustes]	Status	Valid	String	table-1422-378
table-1422-378-6	[Neustosaurus|Neustosaurus]	Status	[Nomen_dubium|nomen dubium]	String	table-1422-378
table-1422-378-0	[Cricosaurus|Cricosaurus]	Status	Valid	String	table-1422-378
table-0037-691-4	[Kiki_Sheung|Kiki Sheung]	Role	Cho Mei-Ngoh 曹美娥	String	table-0037-691
table-0037-691-6	[Leila_Tong|Leila Tong]	Role	Shu Siu-Man 舒小曼	String	table-0037-691
table-0037-691-9	[Fala_Chen|Fala Chen]	Role	Angela	String	table-0037-691
table-0037-691-7	[Kenneth_Ma|Kenneth Ma]	Role	Gam Shing-Tsun 甘誠俊	String	table-0037-691
table-0037-691-0	[Sheren_Tang|Sheren Tang]	Role	Mung Ka-Ka 蒙嘉嘉	String	table-0037-691
table-0060-296-3	[Wayne_Lai|Wayne Lai]	Role	Au Man-Wai 歐文偉	String	table-0060-296
table-0060-296-5	[Lo_Hoi-pang|Lo Hoi Pang]	Role	Ko Cheuk-Man 高卓文	String	table-0060-296
table-0060-296-0	[Roger_Kwok|Roger Kwok]	Role	Ko Fung 高峰	String	table-0060-296
table-0060-296-2	[Annie_Man|Annie Man]	Role	Chow Yi-Tung 周依彤	String	table-0060-296
table-0060-296-7	[Gilbert_Lam|Gilbert Lam]	Role	Cheung Hon-Ming 張漢明	String	table-0060-296
table-1615-748-7	[Bicol_Region|Bicol Region]	Type	[Automatic_rifle|Automatic weapons]	String	table-1615-748
table-1615-748-10	[Eastern_Visayas|Eastern Visayas]	Type	[Automatic_rifle|Automatic weapons]	String	table-1615-748
table-1615-748-2	[Davao|Davao]	Type	Improvised Explosive Device	String	table-1615-748
table-1615-748-0	[Autonomous_Region_in_Muslim_Mindanao|ARMM]	Type	Improvised explosive device	String	table-1615-748
table-1615-748-6	[Zamboanga_Peninsula|Zamboanga Peninsula]	Type	Improvised Explosive Device	String	table-1615-748
table-1158-728-1	[Desaad|Desaad]	Accessories	Removable "skirt"	String	table-1158-728
table-1158-728-10	[Steppenwolf_(comics)|Steppenwolf]	Accessories		String	table-1158-728
table-1158-728-8	[Parademon|Parademon]	Accessories	Gun	String	table-1158-728
table-1158-728-6	[Mantis_(DC_Comics)|Mantis]	Accessories		String	table-1158-728
table-1158-728-5	[Kalibak|Kalibak]	Accessories	Beta-club	String	table-1158-728
table-0546-965-9	[Rosquillo|Rosquillo]	Type	Cookies	String	table-0546-965
table-0546-965-0	[Biskotso|Biskotso]	Type	Bread	String	table-0546-965
table-0546-965-2	[Empanada|Empanada]	Type	Pastry	String	table-0546-965
table-0546-965-8	[Polvorón|Polvorón]	Type		String	table-0546-965
table-0546-965-3	[Ensaïmada|Ensaymada]	Type	Pastry	String	table-0546-965
table-1265-550-2	[Space_Shuttle_Challenger|Challenger]	Type of Abort	ATO	String	table-1265-550
table-1265-550-5	[Space_Shuttle_Endeavour|Endeavour]	Type of Abort	RSLS	String	table-1265-550
table-1265-550-3	[Space_Shuttle_Columbia|Columbia]	Type of Abort	RSLS	String	table-1265-550
table-1265-550-0	[Space_Shuttle_Discovery|Discovery]	Type of Abort	RSLS	String	table-1265-550
table-1265-550-1	[Space_Shuttle_Challenger|Challenger]	Type of Abort	RSLS	String	table-1265-550
